Product_Name,product_tags,Product category,url,image_url
AIS physical shore stations,"AIS transponder, Autonomous Navigation, Remote Sensing, Underwater Surveillance",Surveillance & monitoring,https://www.kongsberg.com/maritime/products/onshore/onshore-systems/ais-network-infrastructure-shorebased/ais-physical-shore-stations/,"https://www.kongsberg.com/contentassets/c8180d2a2fa84181ab714d9bd40d02dc/ais-physical-shore-station-1020x411.jpg?width=750&rxy=0.5,0.5"
AIS service management system,"AIS transponder, Autonomous Navigation, Marine Survey, Underwater Surveillance",Surveillance & monitoring,https://www.kongsberg.com/maritime/products/onshore/onshore-systems/ais-network-infrastructure-shorebased/ais-service-management-system/,"https://www.kongsberg.com/contentassets/f3f5d1afd51c47f4b4b77e2e5ca8caf2/ais_cm.jpg?width=750&rxy=0.5,0.5"
AIS space receivers,"Transceiver, Broadband radio, VDES technology, Space, Maritime Communication, Earth observation satellite payload",Communication solutions,https://www.kongsberg.com/maritime/products/onshore/space-based/ais-space-receiver/,"https://www.kongsberg.com/contentassets/b015aabb74e9417899ad8cdfabee5ab1/space_earth_1920x500.jpg?width=1500&rxy=0.5,0.5"
APOS - Operating station for HiPAP and HPR Acoustic positioning systems,"Navigation system, Positioning system, Acoustic Telemetry, Hydroacoustic Positioning, Dynamic Positioning Reference, Subsea Survey",Underwater navigation & positioning,https://www.kongsberg.com/maritime/products/Acoustics-Positioning-and-Communication/acoustic-positioning-systems/hipap-models/HiPAP-HPR/,"https://www.kongsberg.com/contentassets/e8fdb53f26a3499f95226938012484e8/apos-screen-dump-700x438.jpg?width=500&rxy=0.5,0.5"
APOS Survey - Surveyor's independent Operator Station for HiPAP,"Navigation system, Positioning system, Hydroacoustic Positioning, Inertial Measurement Unit, Dynamic Positioning Reference, Subsea Survey",Underwater navigation & positioning,https://www.kongsberg.com/maritime/products/Acoustics-Positioning-and-Communication/acoustic-positioning-systems/hipap-models/apos-survey---surveyors-independent-operator-station-for-hipap/,"https://www.kongsberg.com/contentassets/f1b704ed2cbd465fa634747480050111/apos-screen-700x346.jpg?width=500&rxy=0.5,0.5"
Acoustic control system for BOP operation,"Acoustic Control System, Acoustic Telemetry Link, BOP operation, Remote Sensing, Underwater Surveillance",Surveillance & monitoring,https://www.kongsberg.com/maritime/products/Acoustics-Positioning-and-Communication/acoustic-control-system/ACS500/,"https://www.kongsberg.com/contentassets/4b95710e4f32457ba2025065bfdd294a/acs-500.jpg?width=1500&rxy=0.5,0.5"
Analytics,"Data Management, Quality Assurance, AI classification, Cloud-Based, Ocean Exploration, Environmental Monitoring",Cloud solution,https://www.kongsberg.com/maritime/products/ocean-science/blue-insight/analytics/,"https://www.kongsberg.com/contentassets/b26de616851340b1a38ba5a296e083fe/blue_insight_illustration_1601x674.jpg?width=1500&rxy=0.5,0.5"
Aquaculture monitoring system,"Echo Sounder System, Oceanographic Instrument, Split-Beam Transducer, Wideband Technology, Environmental Monitoring, Fish Stock Assessment",Fishery & ocean research,https://www.kongsberg.com/maritime/products/commercial-fisheries/aquaculture-monitoring-systems/aquaculture-monitoring-system/,"https://www.kongsberg.com/contentassets/db25e65a36004f3d92ebe7ec3520bc7d/aquaculture-monitoring-1020x535.jpg?width=500&rxy=0.5,0.5"
"Automatic Identification System, AIS","AIS transponder, Autonomous Navigation, Underwater Surveillance, Remote Sensing",Surveillance & monitoring,https://www.kongsberg.com/maritime/products/bridge-systems-and-control-centres/navigation-systems/ais-automatic-identification-sensor/,"https://www.kongsberg.com/contentassets/bf03b9a2bb594e808781c4a1c59eee4a/ais-300-700x403.jpg?width=500&rxy=0.5,0.5"
"Autonomous Underwater Vehicle, HUGIN","Hugin AUV, Sounder USV, 6000 meter, Multibeam Echo sounder, Environmental Monitoring, Maritime Surveillance","Seafloor mapping, Surveillance & monitoring, Naval, Geophysical survey, Autonomous and uncrewed solutions",https://www.kongsberg.com/maritime/products/marine-robotics/autonomous-underwater-vehicles/AUV-hugin/,"https://www.kongsberg.com/contentassets/4fd118849fb24dfbb271f4d9b82759e6/cimg2511_small.tif?width=1500&rxy=0.5,0.5&format=JPEG"
"Autonomous Underwater Vehicle, HUGIN Edge","Hugin AUV, AUV (aut) products, Multibeam Echo sounder, Sub-bottom profiler, Marine Survey, Infrastructure Monitoring","Seafloor mapping, Surveillance & monitoring, Naval, Geophysical survey, Autonomous and uncrewed solutions",https://www.kongsberg.com/maritime/products/marine-robotics/autonomous-underwater-vehicles/autonomous-underwater-vehicle-hugin-edge/,"https://www.kongsberg.com/contentassets/8cf870df24534451afb5f54d171ba2ba/hugin_edge_scan_900x506.png?width=1500&rxy=0.5,0.5"
"Autonomous Underwater Vehicle, HUGIN Endurance","Hugin AUV, AUV (aut) products, 6000 meter, Multibeam Echo sounder, Marine Survey, Environmental Monitoring","Seafloor mapping, Surveillance & monitoring, Naval, Geophysical survey, Autonomous and uncrewed solutions",https://www.kongsberg.com/maritime/products/marine-robotics/autonomous-underwater-vehicles/autonomous-underwater-vehicle-hugin-endurance/,"https://www.kongsberg.com/contentassets/0f9369318ccc470e9ba21a7552ecbc08/hugin-endurance_ill_scan_50.jpg?width=1500&rxy=0.5,0.5"
"Autonomous Underwater Vehicle, HUGIN Superior","Hugin AUV, Multibeam Echo sounder, 6000 meter, Environmental Monitoring, Marine Survey, Maritime Surveillance","Seafloor mapping, Surveillance & monitoring, Naval, Geophysical survey, Autonomous and uncrewed solutions",https://www.kongsberg.com/maritime/products/marine-robotics/autonomous-underwater-vehicles/AUV-hugin-superior/,"https://www.kongsberg.com/contentassets/6d7d17856ed64a3c855e65497ceb55e1/hugin_sup_web.png?width=1500&rxy=0.5,0.5"
Blue Insight,"Navigation system, Positioning system, Acoustic Telemetry, Hydroacoustic Positioning, Dynamic Positioning Reference, ROV integration","Cloud solution, Underwater navigation & positioning",https://www.kongsberg.com/maritime/products/ocean-science/blue-insight/,"https://www.kongsberg.com/contentassets/06080f069e294b3f955f820d3142fc61/blue_insight_illustration_webheader.jpg?width=1500&rxy=0.5,0.5"
Core,"Industrial IoT, Data Management, Cloud-Based, Cyber Security, Data Visualization, Situational Awareness",Cloud solution,https://www.kongsberg.com/maritime/products/ocean-science/blue-insight/core/,"https://www.kongsberg.com/contentassets/6ef498b8d5c34185bb16baa0b782e05f/blue_insight_illustration_webheader.jpg?width=1500&rxy=0.5,0.5"
DGPS / DGNSS reference and monitoring stations,"GPS receiver, IALA beacon receiver, GNSS infrastructure, Spoofing Mitigation, Maritime Navigation, Vessel Tracking",Surface navigation & positioning,https://www.kongsberg.com/maritime/products/onshore/onshore-systems/dgps-dgnss-reference-and-monitoring-stations/,"https://www.kongsberg.com/contentassets/8039f9fac52648a582303797c701660d/ims500-1020x354.jpg?width=500&rxy=0.5,0.5"
Data forwarder,"Data Management, Cloud-Based, Environmental Monitoring, Ocean Exploration",Cloud solution,https://www.kongsberg.com/maritime/products/ocean-science/blue-insight/data-forwarder/,"https://www.kongsberg.com/contentassets/3c6c2d9d8d384e89adba6af22a792593/blue_insight_illustration_webheader.jpg?width=1500&rxy=0.5,0.5"
Domed Scanning Sonar,"Acoustic Control System, Diver Detection Sonar, 3D sonar technology, Acoustic Telemetry Link, Marine Survey, Underwater Surveillance",Surveillance & monitoring,https://www.kongsberg.com/maritime/products/marine-robotics/underwater-vehicle-instruments/single-beam-scanning-sonars/domed-scanning-sonar/,"https://www.kongsberg.com/contentassets/72c65bd3c0da49a5a7b6997b0b3a3051/clariscan-sonar-head-1020x454.jpg?width=500&rxy=0.5,0.5"
Dual Axis Scanning Sonar ,"Acoustic Control System, 3D sonar technology, Underwater Surveillance, Marine Survey",Surveillance & monitoring,https://www.kongsberg.com/maritime/products/ocean-science/mapping-systems/sonars/sonars-for-marine-site-inspection/DAS/,"https://www.kongsberg.com/contentassets/3dab7f84dfe84cd6b9a251f6087e34a5/das-250x352.jpg?width=750&rxy=0.5,0.5"
EA440 - shallow and medium waters,"Multibeam echo sounder, Sub-bottom profiler, High-Resolution Sonar, Side-Scan Sonar, Seafloor Mapping, Subsea Survey",Seafloor mapping,https://www.kongsberg.com/maritime/products/ocean-science/mapping-systems/es_bottommapping/EA440/,"https://www.kongsberg.com/contentassets/66f63c420ee5455aa6632654c4a9a37f/ea-survey---illustration---dark_web.jpg?width=750&rxy=0.5,0.5"
EA640 - full ocean depths,"Multibeam echo sounder, High-Resolution Sonar, Deep Sea Exploration, Seafloor Mapping, Subsea Survey",Seafloor mapping,https://www.kongsberg.com/maritime/products/ocean-science/mapping-systems/es_bottommapping/ea640/,"https://www.kongsberg.com/contentassets/fec920bfb8d84adc9c3d30f034339041/ea640.jpg?width=750&rxy=0.5,0.5"
EK Mission Planner,"Echo Sounder System, Oceanographic Instrument, Wideband Technology, Split-Beam Transducer, Environmental Monitoring, Scientific Research",Fishery & ocean research,https://www.kongsberg.com/maritime/products/ocean-science/ocean-science/ekmp/,"https://www.kongsberg.com/contentassets/d812d1957b0746a18e778d56aeb3aec4/imagez47lp.png?width=750&rxy=0.5,0.5"
EK80 Portable,"Echo Sounder System, Oceanographic Instrument, GPS integrated system, Wideband Technology, Environmental Monitoring, Scientific Research","Fish finding, Fishery & ocean research",https://www.kongsberg.com/maritime/products/ocean-science/ocean-science/es_scientific/sci_es_transceivers/ek80p/,"https://www.kongsberg.com/globalassets/discovery/simrad/echo-sounders-and-adcp/ek80/ek80-images/bm019513_003_001_ek80p_unit_600px_72ppi_210mm.png?width=750&rxy=0.5,0.5"
EK80 Portable entry,"Echo Sounder System, Oceanographic Instrument, GPS integrated system, Wideband Technology, Environmental Monitoring, Scientific Research","Fish finding, Fishery & ocean research",https://www.kongsberg.com/maritime/products/ocean-science/ocean-science/es_scientific/sci_es_transceivers/ek80-portable-entry/,"https://www.kongsberg.com/globalassets/discovery/simrad/echo-sounders-and-adcp/ek80/ek80-images/bm019513_003_001_ek80p_unit_600px_72ppi_210mm.png?width=750&rxy=0.5,0.5"
EK80 software,"Echo Sounder System, Oceanographic Instrument, Wideband Technology, Acoustic Doppler, Fish Stock Assessment, Scientific Research","Fish finding, Fishery & ocean research",https://www.kongsberg.com/maritime/products/ocean-science/ocean-science/es_scientific/ek80software/,"https://www.kongsberg.com/globalassets/discovery/simrad/echo-sounders-and-adcp/ek80/ek80-images/bm010102_101_106_ek80_screen_capture_1000px_web.jpg?width=750&rxy=0.5,0.5"
"EM 124 Multibeam echosounder, Max. 11000 m","Multibeam echo sounder, High-Resolution Sonar, Seafloor Mapping, Oceanography",Seafloor mapping,https://www.kongsberg.com/maritime/products/ocean-science/mapping-systems/multibeam-echo-sounders/em-124-multibeam-echosounder-max.-11000-m,"https://www.kongsberg.com/contentassets/b31339013d634e359446e99f285d2b0e/whoi_em124_at5009_pintarift_1921x680.jpg?width=1500&rxy=0.5,0.5"
EM 2040 MKII Multibeam echosounder,"Multibeam echo sounder, High-Resolution Sonar, Seafloor Mapping, Oceanography, Subsea Survey",Seafloor mapping,https://www.kongsberg.com/maritime/products/ocean-science/mapping-systems/multibeam-echo-sounders/em-2040-multibeam-echosounder-max.-6000-m,"https://www.kongsberg.com/contentassets/896351f6537a46ffa0017c232a5b26aa/em2040_1920x500i.jpg?width=1500&rxy=0.5,0.5"
EM 2040 PHS Portable Hydrographic System ,"Multibeam echo sounder, High-Resolution Sonar, Seafloor Mapping, Oceanography, Subsea Survey",Seafloor mapping,https://www.kongsberg.com/maritime/products/ocean-science/mapping-systems/multibeam-echo-sounders/em-2040-phs-portable-hydrographic-system-/,"https://www.kongsberg.com/globalassets/completecompatportable-header21128.jpg?width=500&rxy=0.5,0.5"
"EM 2040C MKII Multibeam echosounder, Max. 500 m","Multibeam Echo Sounder, High-Resolution Sonar, Seafloor Mapping, Subsea Survey",Seafloor mapping,https://www.kongsberg.com/maritime/products/ocean-science/mapping-systems/multibeam-echo-sounders/em-2040c-multibeam-echosounder-max.-500-m,"https://www.kongsberg.com/contentassets/cd134ba6371f4ec6aebdad030a2a03e8/04_em2040c.jpg?width=1500&rxy=0.5,0.5"
"EM 2040P MKII Multibeam echosounder, Max. 550 m","Multibeam echo sounder, High-Resolution Sonar, Seafloor Mapping, Subsea Survey, Oceanography, Deep Sea Exploration",Seafloor mapping,https://www.kongsberg.com/maritime/products/ocean-science/mapping-systems/multibeam-echo-sounders/em-2040p-mkii-multibeam-echosounder-max.-550-m,"https://www.kongsberg.com/contentassets/e6b2212ea9fc47788379927056cf7c0b/em2040p_falls-of-lora_scottland.jpg?width=1500&rxy=0.5,0.5"
EM 304 MKII Multibeam echosounder,"Multibeam echo sounder, High-Resolution Sonar, Seafloor Mapping, Oceanography, Deep Sea Exploration, Subsea Survey",Seafloor mapping,https://www.kongsberg.com/maritime/products/ocean-science/mapping-systems/multibeam-echo-sounders/em-304-mkii-multibeam-echosounder/,"https://www.kongsberg.com/contentassets/37b2b502e3d549d6ab66dcd5d551e750/plume-height-800m_25.jpg?width=1500&rxy=0.5,0.5"
"EM 304 Multibeam echosounder, Max. 8000 m","Multibeam echo sounder, High-Resolution Sonar, Oceanography, Seafloor Mapping, Deep Sea Exploration, Subsea Survey",Seafloor mapping,https://www.kongsberg.com/maritime/products/ocean-science/mapping-systems/multibeam-echo-sounders/em-304-multibeam-echosounder-max.-8000-m,"https://www.kongsberg.com/contentassets/60fa3dd22abd45b09b97ff7271302187/plume-height-800m.jpg?width=1500&rxy=0.5,0.5"
"EM 712 Multibeam echosounder, Max. 3600 m","Multibeam echo sounder, High-Resolution Sonar, Seafloor Mapping, Deep Sea Exploration, Oceanography, Subsea Survey",Seafloor mapping,https://www.kongsberg.com/maritime/products/ocean-science/mapping-systems/multibeam-echo-sounders/em-712-multibeam-echosounder-max.-3600-m,"https://www.kongsberg.com/contentassets/5a83d273f03d411c83353b6af33fcde9/em-712.jpg?width=1500&rxy=0.5,0.5"
"Echo sounder sweep system, MCU","Single beam echo sounder, Sub-bottom profiler, High-Resolution Sonar, Multibeam Echo Sounder, Seafloor Mapping, Subsea Survey",Seafloor mapping,https://www.kongsberg.com/maritime/products/ocean-science/mapping-systems/es_bottommapping/echosounder-sweep-system/,"https://www.kongsberg.com/contentassets/2db520116efa4bba93ff9a524816cedd/mcu-singlebeam-array-1020x472.jpg?width=1500&rxy=0.5,0.5"
Fish farm information transfer system,"Autonomous Transceiver, Oceanographic Instrument, GPS integrated system, Wideband Technology, Environmental Monitoring, Marine Navigation",Fishery & ocean research,https://www.kongsberg.com/maritime/products/commercial-fisheries/aquaculture-monitoring-systems/information-transfer-system/,"https://www.kongsberg.com/contentassets/139de8f5e7ca44a7836d3a3c258f00ed/aqualink.jpg?width=1500&rxy=0.5,0.5"
Fish-finding transducers,"Echosounder Transducer, Transceiver Marine Research, Dual Frequency, Split-Beam Transducer, Fish Finding, Underwater Survey",Fish finding,https://www.kongsberg.com/maritime/products/commercial-fisheries/fisherysounder/td_fishfinding/,https://www.kongsberg.com/globalassets/discovery/simrad/_generic-images/logo-and-bottom-logo-line/simrad_logo_200px.png
GNSS compass and position sensor,"GPS receiver, Inertial Sensor, GNSS infrastructure, Sensor Fusion Compatible, Maritime Navigation, Vessel Tracking",Surface navigation & positioning,https://www.kongsberg.com/maritime/products/vessel-reference-systems/position-systems/gnss-compass-and-position-sensor/,"https://www.kongsberg.com/contentassets/c6c34c94aa6f463e9ed58be1f98d3b24/seanav-300-1020x289.jpg?width=750&rxy=0.5,0.5"
GNSS-based Relative Position Sensor,"GPS receiver, GNSS infrastructure, Maritime Navigation, Vessel Tracking, Sensor Fusion Compatible, Spoofing Mitigation",Surface navigation & positioning,https://www.kongsberg.com/maritime/products/vessel-reference-systems/position-systems/differential-absolute-relative-position-sensor/,"https://www.kongsberg.com/contentassets/f3d24abbd9cf4fc0abf188da287be19e/darps_1920x1080.jpg?width=1500&rxy=0.5,0.5"
GNSS/DGNSS Position Sensors,"GPS receiver, Inertial Sensor, GNSS infrastructure, Sensor Fusion Compatible, Maritime Navigation, Vessel Tracking",Surface navigation & positioning,https://www.kongsberg.com/maritime/products/vessel-reference-systems/position-systems/dps/,"https://www.kongsberg.com/contentassets/514d7619bfc6434a92e52c040341913c/dps_1920x1080.jpg?width=1500&rxy=0.5,0.5"
GPS navigation sensor,"GPS receiver, IALA beacon receiver, Sensor Fusion Compatible, GNSS infrastructure, Maritime Navigation, Vessel Tracking",Surface navigation & positioning,https://www.kongsberg.com/maritime/products/vessel-reference-systems/position-systems/gps-navigation-sensor/,"https://www.kongsberg.com/contentassets/b65cc4d2272b4fcab2f883c90b71222f/seapos-700x495.jpg?width=500&rxy=0.5,0.5"
HAIN Reference for DP,"Navigation system, Positioning system, Inertial Measurement Unit, Hydroacoustic Positioning, Dynamic Positioning Reference, Subsea Survey",Underwater navigation & positioning,https://www.kongsberg.com/maritime/products/Acoustics-Positioning-and-Communication/hain/hain-reference/,"https://www.kongsberg.com/contentassets/908f79d5012e4bfba5345fa62e5ba41c/dp_web_2.png?width=1500&rxy=0.5,0.5"
HIGH RESOLUTION 1171 SONAR HEADS,"High-Resolution Sonar, Subsea Survey, Oceanography, Single beam echo sounder, Seafloor Mapping, Deep Sea Exploration",Seafloor mapping,https://www.kongsberg.com/maritime/products/ocean-science/mapping-systems/sonars/sonars-for-marine-site-inspection/high-resolution-1171-sonar-heads/,"https://www.kongsberg.com/contentassets/2842be90c81b4c129b61fe7bd4b3b44f/image1.jpg?width=1500&rxy=0.5,0.5"
Helideck Monitoring System,"Acoustic Control System, Leak Detection System, Acoustic Telemetry Link, Autonomous Navigation, Marine Survey, Underwater Surveillance",Surveillance & monitoring,https://www.kongsberg.com/maritime/products/vessel-reference-systems/motion-and-heading-sensors/helideck-monitoring-system/,"https://www.kongsberg.com/contentassets/9c25e9803d294f3f883e8ff4dc2005ab/top-banner_hms_1348x605_nogrid.jpg?width=1500&rxy=0.5,0.5"
HiPAP 102 - Ultra Deep Water Positioning system,"Navigation system, Positioning system, Acoustic Telemetry, Hydroacoustic Positioning, ROV integration, Underwater Communication",Underwater navigation & positioning,https://www.kongsberg.com/maritime/products/Acoustics-Positioning-and-Communication/acoustic-positioning-systems/hipap-models/hipap-102/,"https://www.kongsberg.com/contentassets/9557ed72cd16491883c4a5c59b7628ae/hipap-102-250x231.jpg?width=500&rxy=0.5,0.5"
HiPAP 102P - Portable Acoustic Positioning system for Ultra-Deep water Operations,"Navigation system, Positioning system, Acoustic Telemetry, Hydroacoustic Positioning, Dynamic Positioning Reference, Underwater Communication",Underwater navigation & positioning,https://www.kongsberg.com/maritime/products/Acoustics-Positioning-and-Communication/acoustic-positioning-systems/hipap-models/hipap-102p/,"https://www.kongsberg.com/contentassets/6a2a74e568564d6ba1c16fc678d6f420/hipap102p-670x962.jpg?width=500&rxy=0.5,0.5"
HiPAP 352 - High Precision Acoustic Positioning System,"Positioning system, Navigation system, Hydroacoustic Positioning, Acoustic Telemetry, Dynamic Positioning Reference, ROV integration",Underwater navigation & positioning,https://www.kongsberg.com/maritime/products/Acoustics-Positioning-and-Communication/acoustic-positioning-systems/hipap-models/hipap-352/,"https://www.kongsberg.com/contentassets/e9860822dacd4d08b9888950d16c8d7b/hipap-352-250x273.jpg?width=500&rxy=0.5,0.5"
HiPAP 352P - Portable Acoustic Positioning system,"Positioning system, Navigation system, Hydroacoustic Positioning, Inertial Measurement Unit, Dynamic Positioning Reference, Underwater Communication",Underwater navigation & positioning,https://www.kongsberg.com/maritime/products/Acoustics-Positioning-and-Communication/acoustic-positioning-systems/hipap-models/hipap-352p/,"https://www.kongsberg.com/contentassets/ffd4c81e885d4a1e9bf76d093f7da08d/hipap_350p_transducer_150px.jpg?width=500&rxy=0.5,0.5"
HiPAP 452 - High Precision Acoustic Positioning System,"Navigation system, Positioning system, Acoustic Telemetry, Hydroacoustic Positioning, Dynamic Positioning Reference, Underwater Communication",Underwater navigation & positioning,https://www.kongsberg.com/maritime/products/Acoustics-Positioning-and-Communication/acoustic-positioning-systems/hipap-models/hipap-452/,"https://www.kongsberg.com/contentassets/a340d1676a044820bc9c6fa28684cfbc/hipap-452-300x353.jpg?width=500&rxy=0.5,0.5"
HiPAP 502 - High Precision Acoustic Positioning System,"Positioning system, Navigation system, Acoustic Telemetry, Hydroacoustic Positioning, Dynamic Positioning Reference, Underwater Communication",Underwater navigation & positioning,https://www.kongsberg.com/maritime/products/Acoustics-Positioning-and-Communication/acoustic-positioning-systems/hipap-models/hipap-502-high/,"https://www.kongsberg.com/contentassets/a87041336a24403ca648192dcf253ea1/hipap-502-300x393.jpg?width=500&rxy=0.5,0.5"
HiPAP 502P - High Precision Acoustic Positioning System,"Positioning system, Navigation system, Hydroacoustic Positioning, Acoustic Telemetry, Dynamic Positioning Reference, Subsea Survey",Underwater navigation & positioning,https://www.kongsberg.com/maritime/products/Acoustics-Positioning-and-Communication/acoustic-positioning-systems/hipap-models/hipap-502p-high-precision-acoustic-positioning-system/,https://www.feed-image-editor.com/sites/default/files/perm/wysiwyg/image_not_available.png
HiPAP 602 - High Precision Acoustic Positioning System,"Positioning system, Navigation system, Hydroacoustic Positioning, Acoustic Telemetry, Subsea Survey, Underwater Communication",Underwater navigation & positioning,https://www.kongsberg.com/maritime/products/Acoustics-Positioning-and-Communication/acoustic-positioning-systems/hipap-models/hipap602/,"https://www.kongsberg.com/contentassets/06165324ca3641e98ad66fc59f0b90d9/hipap-602-and-mining---v2.png?width=1500&rxy=0.5,0.5"
"Hydroacoustic Aided Inertial Navigation, ROV applications","Navigation system, Positioning system, Hydroacoustic Positioning, Inertial Measurement Unit, ROV integration, Subsea Survey",Underwater navigation & positioning,https://www.kongsberg.com/maritime/products/marine-robotics/underwater-vehicle-instruments/hydroacoustic-aided-inertial-navigation-rov-auv-applications/,"https://www.kongsberg.com/contentassets/e8782c916f004e11bb27349018be1afb/hain-subsea-700x493.jpg?width=500&rxy=0.5,0.5"
K-Sync Synchronization unit,"Navigation system, Positioning system, Hydroacoustic Positioning, Subsea Survey, Underwater Communication, ROV integration",Underwater navigation & positioning,https://www.kongsberg.com/maritime/products/ocean-science/mapping-systems/multibeam-echo-sounders/k-sync/,"https://www.kongsberg.com/contentassets/4a13f33b3968442b813cd60ce99793b2/header1600x500_2.png?width=1500&rxy=0.5,0.5"
Kongsberg Camera Cluster,"USV(und) products, Situational awareness, Maritime Surveillance, Infrastructure Monitoring","Surveillance & monitoring, Surface navigation & positioning, Autonomous and uncrewed solutions",https://www.kongsberg.com/maritime/products/situational-awareness/kongsberg-camera-cluster/,"https://www.kongsberg.com/contentassets/3a9fe501f0af4b82aaf3c945368dbabc/yara_birkeland.jpg?width=1500&rxy=0.5,0.5"
Kongsberg Proximity Assistance,"AUV (aut) products, Situational awareness, Maritime Surveillance, Infrastructure Monitoring","Surveillance & monitoring, Surface navigation & positioning, Autonomous and uncrewed solutions",https://www.kongsberg.com/maritime/products/situational-awareness/proximityview/,"https://www.kongsberg.com/contentassets/530bf1381e5d44a092810612d974f782/dock-assist_miami_1920x1080.jpg?width=1500&rxy=0.5,0.5"
Laser-based relative position sensor,"Inertial Sensor, Marine Echo Sounder, Sensor Fusion Compatible, Maritime Navigation, Vessel Tracking",Surface navigation & positioning,https://www.kongsberg.com/maritime/products/vessel-reference-systems/position-systems/laser-based-position-reference-system/,"https://www.kongsberg.com/contentassets/8395bcf412bf4697b0c340557678ec3a/spottrack.jpg?width=1500&rxy=0.5,0.5"
ME70 multibeam echo sounder,"Multibeam echo sounder, High-Resolution Sonar, Seafloor Mapping, Oceanography, Subsea Survey",Seafloor mapping,https://www.kongsberg.com/maritime/products/ocean-science/ocean-science/scientific-multibeam-systems/me70/,"https://www.kongsberg.com/contentassets/e14222bab3cd4167ae481a65a6d7f548/bm010101_100_001_me70_screen_cap_callouts_1772px_150mm_flatten.jpg?width=750&rxy=0.5,0.5"
MS70 Multibeam sonar,"Multibeam echo sounder, High-Resolution Sonar, Oceanography, Seafloor Mapping, Subsea Survey",Seafloor mapping,https://www.kongsberg.com/maritime/products/ocean-science/ocean-science/scientific-multibeam-systems/ms70/,"https://www.kongsberg.com/globalassets/discovery/simrad/multibeams/ms70/ms70-images/bm010207_001_011_ms70_screen_capture_700px_web.jpg?width=750&rxy=0.5,0.5"
MW-based Long-range relative position sensor,"Inertial Sensor, Marine Echo Sounder, Sensor Fusion Compatible, Spoofing Mitigation, Maritime Navigation, Vessel Tracking",Surface navigation & positioning,https://www.kongsberg.com/maritime/products/vessel-reference-systems/position-systems/long-range-relative-positioning-solution/,"https://www.kongsberg.com/contentassets/89419a6d7bec4c89a5bc7c669ca28fcc/xpr_1920x1080.jpg?width=1500&rxy=0.5,0.5"
MW-based Relative position sensor,"Inertial Sensor, Marine Echo Sounder, Sensor Fusion Compatible, Spoofing Mitigation, Maritime Navigation, Vessel Tracking",Surface navigation & positioning,https://www.kongsberg.com/maritime/products/vessel-reference-systems/position-systems/relative-position-reference-system-radius/,"https://www.kongsberg.com/contentassets/a9c6eea9c01045d3a05ad5b781d196f2/header_radius.jpg?width=1500&rxy=0.5,0.5"
Maritime Broadband Radio - MBR,"Broadband radio, Transceiver, VDES technology, Maritime Communication, Remote control, Autonomous",Communication solutions,https://www.kongsberg.com/maritime/products/bridge-systems-and-control-centres/broadband-radios/maritime-broadband-radio/,"https://www.kongsberg.com/globalassets/maritime/km-products/pictures/mbr_1x9_mkii_transp.png?width=500&rxy=0.5,0.5"
MicroPAP (¬µPAP) - Compact acoustic positioning system,"Positioning system, Navigation system, Hydroacoustic Positioning, Acoustic Telemetry, ROV integration, Underwater Communication",Underwater navigation & positioning,https://www.kongsberg.com/maritime/products/Acoustics-Positioning-and-Communication/acoustic-positioning-systems/pap-micropap-compact-acoustic-positioning-system/,"https://www.kongsberg.com/contentassets/cbde5c62d8044b3db35b3f81323958c0/micropap-a4-horizontal-4.jpg?width=1500&rxy=0.5,0.5"
Motion Reference Unit,"MRU (Motion Reference Unit), inertial measurement, MEMS gyro, Marine navigation, Motion compensation, Heave compensation",Inertial solutions,https://www.kongsberg.com/maritime/products/vessel-reference-systems/motion-and-heading-sensors/mru/,"https://www.kongsberg.com/contentassets/558a9f6ec74f4940be431a884a48e8b3/mru_family.jpg?width=1500&rxy=0.5,0.5"
"Multibeam Sonar, Flexview","Multibeam echo sounder, High-Resolution Sonar, Seafloor Mapping, Subsea Survey, Oceanography, Environmental monitoring",Seafloor mapping,https://www.kongsberg.com/maritime/products/ocean-science/mapping-systems/sonars/sonars-for-marine-site-inspection/flexview/,"https://www.kongsberg.com/contentassets/425fa353803d4c19bd4b4b1175da9081/flexview-1020x679.jpg?width=500&rxy=0.5,0.5"
"Multibeam sonar, M3 Sonar¬Æ","Multibeam Echo Sounder, High-Resolution Sonar, Seafloor Mapping, Subsea Survey",Seafloor mapping,https://www.kongsberg.com/maritime/products/ocean-science/mapping-systems/sonars/sonars-for-marine-site-inspection/m3/,"https://www.kongsberg.com/contentassets/4f76fece62e74f48ad12594d3a8c04c0/02_m3.jpg?width=1500&rxy=0.5,0.5"
NavLab - Generic simulation and post-processing navigation software,"MRU (Motion Reference Unit), Seapath, inertial measurement, attitude determination, Sensor data optimization, Post-processing analysis","Underwater navigation & positioning, Inertial solutions",https://www.kongsberg.com/maritime/products/marine-robotics/underwater-vehicle-instruments/navlab-generic-simulation-and-post-processing-navigation-software/,"https://www.kongsberg.com/contentassets/9479363f9c6b483eb6ed25e99ce7085a/nav-lab-700x388.png?width=500&rxy=0.5,0.5"
Non-Differential Position Sensors,"Inertial Sensor, Marine Echo Sounder, Sensor Fusion Compatible, Spoofing Mitigation, Maritime Navigation, Vessel Tracking",Surface navigation & positioning,https://www.kongsberg.com/maritime/products/vessel-reference-systems/position-systems/non-differential-position-sensors/,"https://www.kongsberg.com/contentassets/206ecaf8351d45a9aa3b1981c6b8f966/dps_i4_mgc_1020x495.png?width=750&rxy=0.5,0.5"
Ocean view,"Navigation system, Positioning system, Hydroacoustic Positioning, Inertial Measurement Unit, Dynamic Positioning Reference, Subsea Survey","Cloud solution, Underwater navigation & positioning",https://www.kongsberg.com/maritime/products/ocean-science/blue-insight/ocean-view/,"https://www.kongsberg.com/contentassets/316ab8c7d1e24ea99bd9391235a481ea/blue_insight_illustration_webheader.jpg?width=1500&rxy=0.5,0.5"
PI Portable hydrophone,"Portable Transducer, Echosounder Transducer, Split-Beam Transducer, Fish Finding, Hydroacoustic Synchronization, Underwater Survey",Fish finding,https://www.kongsberg.com/maritime/products/commercial-fisheries/fisherycatch/hydrophones/portable-hydrophone/,https://www.kongsberg.com/globalassets/discovery/simrad/gear-monitoring-systems/hydrophones/bm012108g_0350_pi32_hydrophone_portable.png
PI Purse seine hydrophone,"Echosounder Transducer, Portable Transducer, Dual Frequency, Split-Beam Transducer, Fish Finding, Hydroacoustic Synchronization",Fish finding,https://www.kongsberg.com/maritime/products/commercial-fisheries/fisherycatch/hydrophones/purse-seine-hydrophone/,"https://www.kongsberg.com/globalassets/discovery/simrad/gear-monitoring-systems/hydrophones/bm012108a_0500_pi32_hydrophone.png?width=750&rxy=0.5,0.5"
PI Trawl hydrophone,"Portable Transducer, Transceiver Marine Research, Split-Beam Transducer, Fish Finding, Hydroacoustic Synchronization",Fish finding,https://www.kongsberg.com/maritime/products/commercial-fisheries/fisherycatch/hydrophones/Trawl-hydrophone/,https://www.kongsberg.com/globalassets/discovery/simrad/gear-monitoring-systems/hydrophones/hydrophone-illustrations/bm012108b_0400_pi32_hydrophone_special.jpg
PX MultiSensor Charger,"Echosounder Transducer, Transceiver Marine Research, Broadband Sweeps, Fish Finding, Hydroacoustic Synchronization, Underwater Survey",Fish finding,https://www.kongsberg.com/maritime/products/commercial-fisheries/cm-sensors/pxcharger/,"https://www.kongsberg.com/globalassets/discovery/simrad/gear-monitoring-sensors/px-family-common-blocks/px-family-images/bm012229-100_0500_web_px_sensor_battery_charging.png?width=750&rxy=0.5,0.5"
"Portable Hydrographic System, M3 Sonar¬Æ","Multibeam echo sounder, High-Resolution Sonar, Seafloor Mapping, Subsea Survey, Oceanography, Side-Scan Sonar",Seafloor mapping,https://www.kongsberg.com/maritime/products/ocean-science/mapping-systems/sonars/sonars-for-marine-site-inspection/m3-sonar-PHS/,"https://www.kongsberg.com/contentassets/d08ab59d2858463f8e2f4336f11b788a/m3-sonar-image-of-concrete-mats.jpg?width=1500&rxy=0.5,0.5"
Remote Services for HiPAP systems,"Navigation system, Positioning system, Hydroacoustic Positioning, Acoustic Telemetry, Subsea Survey, Underwater Communication",Underwater navigation & positioning,https://www.kongsberg.com/maritime/products/Acoustics-Positioning-and-Communication/acoustic-positioning-systems/hipap-models/remote-services-for-hipap-systems/,"https://www.kongsberg.com/contentassets/9f0076a15bb043aba1a91b86623fea90/k-ims_700x278.jpg?width=750&rxy=0.5,0.5"
SIS 5 - Multibeam echosounder software,"Multibeam echo sounder software, Multibeam, Seafloor Mapping","Seafloor mapping, Geophysical survey",https://www.kongsberg.com/maritime/products/ocean-science/mapping-systems/multibeam-echo-sounders/seafloor-information-system-5/,"https://www.kongsberg.com/globalassets/discovery/mapping/sis/sis-media/sis-screenshot-1020x482.jpg?width=1500&rxy=0.5,0.5"
Sensor Fusion,"Data Management, Industrial IoT, Cloud-Based, Sensor Data Analysis, Data Visualization, Environmental Monitoring",Cloud solution,https://www.kongsberg.com/maritime/products/ocean-science/blue-insight/sensor-fusion/,"https://www.kongsberg.com/contentassets/fde484dd9f774093a0199bb61c967cc9/blue_insight_illustration_webheader.jpg?width=1500&rxy=0.5,0.5"
Sensor remote,"Industrial IoT, Quality Assurance, Cloud-Based, Sensor Data Analysis, Data Visualization, Situational Awareness",Cloud solution,https://www.kongsberg.com/maritime/products/ocean-science/blue-insight/sensor-remote/,"https://www.kongsberg.com/contentassets/86a9177bf6504de7ac77f4726baa03ad/blue_insight_illustration_webheader.jpg?width=1500&rxy=0.5,0.5"
"Side scan echo sounder, EA400","Single beam echo sounder, Side-Scan Sonar, Seafloor Mapping, Oceanography",Seafloor mapping,https://www.kongsberg.com/maritime/products/ocean-science/mapping-systems/es_bottommapping/EA400-600/,"https://www.kongsberg.com/contentassets/a1503bc8d3a341a58747e073f081aa96/ss200k-campbeltown_wreck_scotl.jpg?width=1500&rxy=0.5,0.5"
Simrad 12-16/60,"Echosounder Transducer, Transceiver Marine Research, Dual Frequency, Split-Beam Transducer, Fish Finding, Underwater Survey","Seafloor mapping, Fishery & ocean research, Fish finding",https://www.kongsberg.com/maritime/products/commercial-fisheries/td/td12khz/12-16-60/,https://www.kongsberg.com/globalassets/discovery/simrad/transducers/012-khz/12-1660/media/bm010401_002_001_transducer_12_16_60_250px_web.jpg
Simrad 120-25,"Echosounder Transducer, Transceiver Marine Research, Single-Beam Transducer, Fish Finding, Fish Stock Assessment",Fish finding,https://www.kongsberg.com/maritime/products/commercial-fisheries/td/simrad-120khz-transducers/simrad-120-25/,https://www.kongsberg.com/globalassets/discovery/simrad/transducers/120-and-es120/bm2709a_es120-7_200x285.png
Simrad 18-11,"Echosounder Transducer, Transceiver Marine Research, Split-Beam Transducer, Fish Finding, Underwater Survey",Fish finding,https://www.kongsberg.com/maritime/products/commercial-fisheries/td/td18khz/18-11/,https://www.kongsberg.com/globalassets/discovery/simrad/transducers/018-khz/18-11/media/bm010401_002_001_transducer_12_16_60_250px_web.jpg
Simrad 200-7C,"Echosounder Transducer, Single-Beam Transducer, Fish Finding, Scientific Research",Fish finding,https://www.kongsberg.com/maritime/products/commercial-fisheries/td/200-khz/simrad-200-7c/,https://www.kongsberg.com/globalassets/discovery/simrad/transducers/200-and-es200/bm2709a_es120-7_200x285.png
Simrad 200-7F,"Echosounder Transducer, Transceiver Marine Research, Dual Frequency, Fish Finding, Hydroacoustic Synchronization, Underwater Survey",Fish finding,https://www.kongsberg.com/maritime/products/commercial-fisheries/td/200-khz/simrad-200-7f/,https://www.kongsberg.com/globalassets/discovery/simrad/transducers/200-and-es200/bm2713c_200-7f.png
Simrad 200-7G,"Echosounder Transducer, Portable Transducer, Fish Finding, Hydroacoustic Synchronization",Fish finding,https://www.kongsberg.com/maritime/products/commercial-fisheries/td/200-khz/simrad-200-7g/,https://www.kongsberg.com/globalassets/discovery/simrad/transducers/200-and-es200/bm2705c_200-7g.png
Simrad 38-7,"Echosounder Transducer, Transceiver Marine Research, Split-Beam Transducer, Fish Finding, Underwater Survey",Fish finding,https://www.kongsberg.com/maritime/products/commercial-fisheries/td/simrad-38khz-transducers/38_7/,https://www.kongsberg.com/globalassets/discovery/simrad/transducers/038-khz/38-7/media/bm2718a_es38b-38-7.png
Simrad 38-9,"Echosounder Transducer, Transceiver Marine Research, Split-Beam Transducer, Fish Finding, Underwater Survey",Fish finding,https://www.kongsberg.com/maritime/products/commercial-fisheries/td/simrad-38khz-transducers/38_9/,https://www.kongsberg.com/globalassets/discovery/simrad/transducers/038-khz/38-9/media/bm2720a_38khz_250x172-38-9.png
Simrad 38/200 Combi C,"Echosounder Transducer, Transceiver Marine Research, Dual Frequency, Fish Finding, Underwater Survey",Fish finding,https://www.kongsberg.com/maritime/products/commercial-fisheries/td/simrad-38khz-transducers/38_200_combi_c/,https://www.kongsberg.com/globalassets/discovery/simrad/transducers/038-khz/38200-combi-c/media/bm2747a_38_200_combi_c_250x123-1.png
Simrad 38/200 Combi D,"Echosounder Transducer, Dual Frequency, Fish Finding, Underwater Survey",Fish finding,https://www.kongsberg.com/maritime/products/commercial-fisheries/td/simrad-38khz-transducers/38_200_combi_d/,https://www.kongsberg.com/globalassets/discovery/simrad/transducers/038-khz/38200-combi-c/media/bm2747a_38_200_combi_c_250x123-1.png
Simrad 50-18,"Echosounder Transducer, Transceiver Marine Research, Single-Beam Transducer, Fish Finding, Hydrographic Survey, Navigation",Fish finding,https://www.kongsberg.com/maritime/products/commercial-fisheries/td/simrad-50khz-transducers/simrad-50-18/,https://www.kongsberg.com/globalassets/discovery/simrad/transducers/50/bm2722a_50-18.png
Simrad 50-18POR,"Echosounder Transducer, Portable Transducer, Fish Finding, Underwater Survey",Fish finding,https://www.kongsberg.com/maritime/products/commercial-fisheries/td/simrad-50khz-transducers/simrad-50-18por/,https://www.kongsberg.com/globalassets/discovery/simrad/transducers/50/bm2723a_50-18por.png
Simrad 50-7,"Echosounder Transducer, Fish Finding, Single-Beam Transducer, Hull Mounted, Circular Beam, Marine Research",Fish finding,https://www.kongsberg.com/maritime/products/commercial-fisheries/td/simrad-50khz-transducers/simrad-50-7/,https://www.kongsberg.com/globalassets/discovery/simrad/transducers/50/bm2720a_38khz_250x172-50-7.png
Simrad 50/200 Combi C,"Echosounder Transducer, Dual Frequency, Fish Finding, Underwater Survey",Fish finding,https://www.kongsberg.com/maritime/products/commercial-fisheries/td/simrad-50khz-transducers/simrad-50200-combi-c/,https://www.kongsberg.com/globalassets/discovery/simrad/transducers/50/bm2747a_38_200_combi_c_250x123.png
Simrad 50/200 Combi D,"Echosounder Transducer, Transceiver Marine Research, Dual Frequency, Split-Beam Transducer, Fish Finding, Underwater Survey",Fish finding,https://www.kongsberg.com/maritime/products/commercial-fisheries/td/simrad-50khz-transducers/50_200_combi_d/,https://www.kongsberg.com/globalassets/discovery/simrad/transducers/50/bm2747a_38_200_combi_c_250x123.png
Simrad BR90,"Broadband radio, Transceiver, Acoustic Modem, Maritime Communication, UAV, Surface","Fish finding, Communication solutions",https://www.kongsberg.com/maritime/products/bridge-systems-and-control-centres/broadband-radios/br90/,"https://www.kongsberg.com/globalassets/discovery/simrad/_generic-images/logo-and-bottom-logo-line/simrad_bottom_line_en.png?width=750&rxy=0.5,0.5"
Simrad C-All,"Echosounder Transducer, Transceiver Marine Research, Broadband Sweeps, Frequency Adjustment, Fish Finding, Underwater Survey","Fish finding, Fishery & ocean research, Fish finding, Fish finding, Fish finding",https://www.kongsberg.com/maritime/products/commercial-fisheries/td/simrad-38khz-transducers/c-all/,https://www.kongsberg.comhttps://www.simrad.net/c-all/images/BM010427_001_001_c_all_600px_web.png
Simrad CP200-5C,"Single beam, Positioning & attitude, Seafloor Mapping, Sediment Layer Mapping","Fish finding, Seafloor mapping, Geophysical survey",https://www.kongsberg.com/maritime/products/commercial-fisheries/td/200-khz/cp200-5c/,https://www.feed-image-editor.com/sites/default/files/perm/wysiwyg/image_not_available.png
Simrad CP60,"Echosounder Transducer, Software Documentation, Split-Beam Transducer, Fish Finding, Hydroacoustic Synchronization, Underwater Survey",Fish finding,https://www.kongsberg.com/maritime/products/commercial-fisheries/fisheryadcp/cp60/,"https://www.kongsberg.com/globalassets/discovery/simrad/echo-sounders-and-adcp/cp60/cp60-images/cd019902_xxx_cp60_logo_250x250px.png?width=500&rxy=0.5,0.5"
Simrad CS90,"Echosounder Transducer, Software Documentation, Broadband Sweeps, Frequency Adjustment, Fish Finding, Underwater Survey",Fish finding,https://www.kongsberg.com/maritime/products/commercial-fisheries/fisherysonar/cs90/,"https://www.kongsberg.com/globalassets/discovery/simrad/sonars/cs90/cs90-images/cd019902_xxx_ca90_logo_250px.png?width=500&rxy=0.5,0.5"
Simrad EC150-3C (ADCP),"Oceanographic Instrument, Echo Sounder System, acoustic Doppler, Split-Beam Transducer, Scientific Research, Environmental Monitoring",Fishery & ocean research,https://www.kongsberg.com/maritime/products/ocean-science/ocean-science/es_scientific/adcp/ec150-3c/,https://www.kongsberg.comhttps://www.simrad.net/ek80/images/ec150_3c_250px.png
Simrad EK15,"Echosounder Transducer, Software Documentation, Broadband Sweeps, Dual Frequency, Fish Finding, Fish Stock Assessment",Fish finding,https://www.kongsberg.com/maritime/products/ocean-science/ocean-science/es_scientific/simrad-ek15/,https://www.kongsberg.com/globalassets/discovery/simrad/_generic-images/generic-teaser-images/bm019703_003_001_bridge_sunset_360x250px_web.jpg?width=360
Simrad EK60,"Software Documentation, Transceiver Marine Research, Dual Frequency, Split-Beam Transducer, Fish Finding, Hydroacoustic Synchronization",Fish finding,https://www.kongsberg.com/maritime/products/ocean-science/ocean-science/es_scientific/simrad-ek60/,https://www.kongsberg.com/globalassets/discovery/simrad/_generic-images/generic-teaser-images/bm019703_003_001_bridge_sunset_360x250px_web.jpg?width=360
Simrad ES120-18CDK,"Oceanographic Instrument, Sonar Technology, Split-Beam Transducer, Wideband Technology, Scientific Research, Environmental Monitoring","Fish finding, Fishery & ocean research",https://www.kongsberg.com/maritime/products/commercial-fisheries/td/simrad-120khz-transducers/es120-18cdk/,https://www.kongsberg.com/contentassets/8c013f45b1d34dc8820cfd9a6e605959/photo1.png
Simrad ES120-7C,"Oceanographic Instrument, Sonar Technology, Split-Beam Transducer, Wideband Technology, Environmental Monitoring, Scientific Research","Fish finding, Fishery & ocean research",https://www.kongsberg.com/maritime/products/commercial-fisheries/td/simrad-120khz-transducers/es120-7c/,https://www.kongsberg.com/globalassets/discovery/simrad/transducers/120-and-es120/bm2721a_es120-7c_200x206.png
Simrad ES120-7CD,"Oceanographic Instrument, Sonar Technology, Split-Beam Transducer, Environmental Monitoring, Fish Stock Assessment, Scientific Research","Fish finding, Fishery & ocean research",https://www.kongsberg.com/maritime/products/commercial-fisheries/td/simrad-120khz-transducers/simrad-es120-7cd/,https://www.kongsberg.com/globalassets/discovery/simrad/transducers/120-and-es120/photoes120-7cd.png
Simrad ES120-7DD,"Echo Sounder System, Sonar Technology, Split-Beam Transducer, Environmental Monitoring, Fish Stock Assessment, Scientific Research","Fish finding, Fishery & ocean research",https://www.kongsberg.com/maritime/products/commercial-fisheries/td/simrad-120khz-transducers/simrad-es120-7dd/,https://www.kongsberg.com/contentassets/2ec4022eddf44e5aaee007a416ca7939/bm2709a_es120-7_200x285-1.jpg
Simrad ES120-7G,"Echo Sounder System, Sonar Technology, Split-Beam Transducer, Fish Stock Assessment, Scientific Research","Fish finding, Fishery & ocean research",https://www.kongsberg.com/maritime/products/commercial-fisheries/td/simrad-120khz-transducers/simrad-es120-7g/,https://www.kongsberg.com/globalassets/discovery/simrad/transducers/120-and-es120/bm2714a_es120-7g_165x223.png
Simrad ES18,"Sonar Technology, Echo Sounder System, Split-Beam Transducer, Marine Navigation, Scientific Research, Environmental Monitoring","Fish finding, Fishery & ocean research",https://www.kongsberg.com/maritime/products/commercial-fisheries/td/td18khz/es18/,https://www.kongsberg.com/globalassets/discovery/simrad/transducers/018-khz/es18/media/bm010401_002_001_transducer_12_16_60_250px_web.jpg
Simrad ES200-7C,"Echo Sounder System, Oceanographic Instrument, Split-Beam Transducer, Wideband Technology, Environmental Monitoring, Fish Stock Assessment","Fish finding, Fishery & ocean research",https://www.kongsberg.com/maritime/products/commercial-fisheries/td/200-khz/es200_7c/,https://www.kongsberg.com/globalassets/discovery/simrad/transducers/200-and-es200/bm2727a_es200-7c_w200.png
Simrad ES200-7CD,"Autonomous Transceiver, Sonar Technology, Split-Beam Transducer, Wideband Technology, Environmental Monitoring, Fish Stock Assessment","Fish finding, Fishery & ocean research",https://www.kongsberg.com/maritime/products/commercial-fisheries/td/200-khz/simrad-es200-7cd/,https://www.kongsberg.com/globalassets/discovery/simrad/transducers/200-and-es200/es200_7cdk_image3_no_background_400px_72ppi.png
Simrad ES200-7CDK,"Oceanographic Instrument, Sonar Technology, Split-Beam Transducer, Wideband Technology, Environmental Monitoring, Scientific Research","Fish finding, Fishery & ocean research",https://www.kongsberg.com/maritime/products/commercial-fisheries/td/200-khz/es200-7cdk/,https://www.kongsberg.com/contentassets/8c013f45b1d34dc8820cfd9a6e605959/photo1.png
Simrad ES333-7C,"Oceanographic Instrument, Sonar Technology, Split-Beam Transducer, Wideband Technology, Environmental Monitoring, Scientific Research","Fish finding, Fishery & ocean research",https://www.kongsberg.com/maritime/products/commercial-fisheries/td/333-khz/simrad-es333-7c/,https://www.kongsberg.com/globalassets/discovery/simrad/transducers/200-and-es200/bm2727a_es200-7c_w200.png
Simrad ES333-7CD,"Sonar Technology, Oceanographic Instrument, Split-Beam Transducer, Wideband Technology, Fish Stock Assessment, Scientific Research","Fish finding, Fishery & ocean research",https://www.kongsberg.com/maritime/products/commercial-fisheries/td/333-khz/simrad-es333-7cd/,https://www.kongsberg.com/globalassets/discovery/simrad/transducers/200-and-es200/es333-7cd.png
Simrad ES333-7CDK,"Oceanographic Instrument, Sonar Technology, Split-Beam Transducer, Wideband Technology, Environmental Monitoring, Scientific Research","Fish finding, Fishery & ocean research",https://www.kongsberg.com/maritime/products/commercial-fisheries/td/333-khz/es333-7cdk/,"https://www.kongsberg.com/globalassets/discovery/simrad/transducers/es333/bm010413_002_001_es333_7cdk_600px_150mm_300ppi.png?width=750&rxy=0.5,0.5"
Simrad ES38-10,"Echo Sounder System, Oceanographic Instrument, Split-Beam Transducer, Sonar Technology, Environmental Monitoring, Scientific Research","Fish finding, Fishery & ocean research",https://www.kongsberg.com/maritime/products/commercial-fisheries/td/simrad-38khz-transducers/es38-10/,https://www.kongsberg.com/globalassets/discovery/simrad/transducers/038-khz/es38-10/media/bm2720a_38khz_250x172-es38-10.png
Simrad ES38-12,"Echo Sounder System, Sonar Technology, Split-Beam Transducer, Fish Stock Assessment, Scientific Research","Fish finding, Fishery & ocean research",https://www.kongsberg.com/maritime/products/commercial-fisheries/td/simrad-38khz-transducers/es38_12/,https://www.kongsberg.com/globalassets/discovery/simrad/_generic-images/generic-teaser-images/bm01970_005_001_sales_359x251px_web.jpg?width=360
Simrad ES38-18/200-18C,"Autonomous Transceiver, Sonar Technology, Split-Beam Transducer, Environmental Monitoring, Fish Stock Assessment, Scientific Research","Fish finding, Fishery & ocean research",https://www.kongsberg.com/maritime/products/commercial-fisheries/td/simrad-38khz-transducers/es38-18-200-18c/,https://www.kongsberg.com/globalassets/discovery/simrad/transducers/038-khz/es38-18200-18c/media/bm010412_001_001_es38-18_200-18c_photo_250px_web.png
Simrad ES38-18/200-18CR,"Echo Sounder System, Sonar Technology, Split-Beam Transducer, Fish Stock Assessment, Scientific Research","Fish finding, Fishery & ocean research",https://www.kongsberg.com/maritime/products/commercial-fisheries/td/simrad-38khz-transducers/es38-18-200-18cr/,https://www.kongsberg.com/globalassets/discovery/simrad/transducers/038-khz/es38-18200-18cr/media/es38-18-200-18cr.png
Simrad ES38-18DK,"Echo Sounder System, Sonar Technology, Split-Beam Transducer, Environmental Monitoring, Fish Stock Assessment, Scientific Research","Fish finding, Fishery & ocean research",https://www.kongsberg.com/maritime/products/commercial-fisheries/td/simrad-38khz-transducers/es38-18dk/,https://www.kongsberg.com/globalassets/discovery/simrad/transducers/38-and-es38/es38-18dk-split/bm010416_001_001_es38_18dk_photo_250px_web.png
Simrad ES38-7,"Echo Sounder System, Sonar Technology, Split-Beam Transducer, Wideband Technology, Environmental Monitoring, Fish Stock Assessment","Fish finding, Fishery & ocean research",https://www.kongsberg.com/maritime/products/commercial-fisheries/td/simrad-38khz-transducers/es38_7/,https://www.kongsberg.com/globalassets/discovery/simrad/transducers/038-khz/es38-7/media/es38-7.png
Simrad ES38B,"Echo Sounder System, Sonar Technology, Split-Beam Transducer, Fish Stock Assessment, Scientific Research","Fish finding, Fishery & ocean research",https://www.kongsberg.com/maritime/products/commercial-fisheries/td/simrad-38khz-transducers/es38b/,https://www.kongsberg.com/globalassets/discovery/simrad/transducers/38-and-es38/es38b/bm2718a_es38b.png
Simrad ES38DD,"Sonar Technology, Oceanographic Instrument, Split-Beam Transducer, Fish Stock Assessment, Scientific Research","Fish finding, Fishery & ocean research",https://www.kongsberg.com/maritime/products/commercial-fisheries/td/simrad-38khz-transducers/es38dd/,"https://www.kongsberg.com/contentassets/42d08d9797044d10b8dd5fe25cc3a6f5/limited_maintenance_banner3_tilt.png?width=500&rxy=0.5,0.5"
Simrad ES70,"Echo Sounder System, Sonar Technology, Split-Beam Transducer, Wideband Technology, Fish Stock Assessment, Scientific Research","Fish finding, Fishery & ocean research",https://www.kongsberg.com/maritime/products/commercial-fisheries/fisherysounder/es70/,"https://www.kongsberg.com/globalassets/discovery/simrad/echo-sounders-and-adcp/es70/es70-images/cd019902_xxx_es70_logo_250x250px.png?width=500&rxy=0.5,0.5"
Simrad ES70-11,"Echo Sounder System, Sonar Technology, Split-Beam Transducer, Fish Stock Assessment, Scientific Research","Fish finding, Fishery & ocean research",https://www.kongsberg.com/maritime/products/commercial-fisheries/td/simrad-70khz-transducers/simrad-es70-11/,https://www.kongsberg.com/globalassets/discovery/simrad/transducers/70-and-es70/bm2704a_es70-11_250x127.png
Simrad ES70-18CD,"Oceanographic Instrument, Sonar Technology, Split-Beam Transducer, Wideband Technology, Environmental Monitoring, Scientific Research","Fish finding, Fishery & ocean research",https://www.kongsberg.com/maritime/products/commercial-fisheries/td/simrad-70khz-transducers/simrad-es70-18cd/,https://www.kongsberg.com/globalassets/discovery/simrad/transducers/70-and-es70/bm010409_001_011_es70-18cd_250px_web.jpg
Simrad ES70-7C,"Echo Sounder System, Oceanographic Instrument, Split-Beam Transducer, Wideband Technology, Environmental Monitoring, Fish Stock Assessment","Fish finding, Fishery & ocean research",https://www.kongsberg.com/maritime/products/commercial-fisheries/td/simrad-70khz-transducers/es70_7c/,https://www.kongsberg.com/globalassets/discovery/simrad/transducers/70-and-es70/es70-7c-image.png
Simrad ES70-7CD,"Echosounder Transducer, Split-Beam Transducer, Fish Finding, Underwater Survey","Fish finding, Fishery & ocean research",https://www.kongsberg.com/maritime/products/commercial-fisheries/td/simrad-70khz-transducers/simrad-es70-7cd/,https://www.kongsberg.com/globalassets/discovery/simrad/transducers/70-and-es70/es70-7cd-image.png
Simrad ES80,"Echo Sounder System, Oceanographic Instrument, Acoustic Doppler, Wideband Technology, Fish Stock Assessment, Scientific Research, Echosounder Transducer, Transceiver Marine Research, Broadband Sweeps, Split-Beam Transducer, Fish Finding, Underwater Survey","Fish finding, Fishery & ocean research",https://www.kongsberg.com/maritime/products/commercial-fisheries/fisherysounder/es80/,"https://www.kongsberg.com/globalassets/discovery/simrad/echo-sounders-and-adcp/es80/es80-images/cd019902_xxx_es80_logo_250x250px.png?width=500&rxy=0.5,0.5"
Simrad FM90,"Echosounder Transducer, Transceiver Marine Research, Broadband Sweeps, Frequency Adjustment, Fish Finding, Hydroacoustic Synchronization",Fish finding,https://www.kongsberg.com/maritime/products/commercial-fisheries/simrad-trawl-sonars/fm90/,"https://www.kongsberg.com/globalassets/discovery/simrad/trawl-sonars/fm90/fm90-images/cd019902_xxx_fm90_logo_250x250px.png?width=500&rxy=0.5,0.5"
Simrad FS70,"Echosounder Transducer, Transceiver Marine Research, Dual Frequency, Frequency Adjustment, Fish Finding, Hydroacoustic Synchronization",Fish finding,https://www.kongsberg.com/maritime/products/commercial-fisheries/simrad-trawl-sonars/Simrad-FS70/,"https://www.kongsberg.com/globalassets/discovery/simrad/trawl-sonars/fs70/fs70-images/cd019902_xxx_fs70_logo_250x250px.png?width=500&rxy=0.5,0.5"
Simrad FX,"Echosounder Transducer, Software Documentation, Split-Beam Transducer, Frequency Adjustment, Fish Finding, Hydroacoustic Synchronization",Fish finding,https://www.kongsberg.com/maritime/products/commercial-fisheries/fisherycatch/fx/,"https://www.kongsberg.com/globalassets/discovery/simrad/gear-monitoring-systems/fx-system/fx-system-images/cd019902_xxx_fx_logo_250x250px.png?width=500&rxy=0.5,0.5"
Simrad ITI,"Transceiver Marine Research, Software Documentation, Broadband Sweeps, Split-Beam Transducer, Fish Finding, Underwater Survey",Fish finding,https://www.kongsberg.com/maritime/products/commercial-fisheries/fisherycatch/iti/,https://www.kongsberg.com/contentassets/31d9e13968174e7cb17af1040cff8137/bm0808a_iti_display_w250p.gif
Simrad MF90,"Echosounder Transducer, Software Documentation, Broadband Sweeps, Frequency Adjustment, Fish Finding, Underwater Survey",Fish finding,https://www.kongsberg.com/maritime/products/commercial-fisheries/fisherysonar/mf90/,"https://www.kongsberg.com/globalassets/discovery/simrad/sonars/mf90/mf90-media/cd019902_xxx_mf90_logo_250x250px.png?width=500&rxy=0.5,0.5"
Simrad PI Configurator,"Software Documentation, Transceiver Marine Research, Frequency Adjustment, Hydroacoustic Synchronization, Fish Finding, Underwater Survey",Fish finding,https://www.kongsberg.com/maritime/products/commercial-fisheries/cm-sensors/pi-configurator/,https://www.kongsberg.com/globalassets/discovery/simrad/gear-monitoring-sensors/px-family-common-blocks/px-family-images/bm0119c_pi_configurator_w250p.png
Simrad PI50,"Transceiver Marine Research, Software Documentation, Frequency Adjustment, Split-Beam Transducer, Fish Finding, Underwater Survey",Fish finding,https://www.kongsberg.com/maritime/products/commercial-fisheries/fisherycatch/simrad-pi50/,"https://www.kongsberg.com/contentassets/7068abe01014417dad0c53def040caad/bm012111-003_0500_pi50_screen_capture.jpg?width=750&rxy=0.5,0.5"
Simrad PX Configurator,"Software Documentation, Transceiver Marine Research, Frequency Adjustment, Fish Finding, Fish Stock Assessment, Hydroacoustic Synchronization, Software Documentation, Transceiver Marine Research, Frequency Adjustment, Fish Finding, Underwater Survey","Fish finding, Fish finding",https://www.kongsberg.com/maritime/products/commercial-fisheries/cm-sensors/pxc/,"https://www.kongsberg.com/globalassets/discovery/simrad/gear-monitoring-sensors/px-configurator/px-configurator-media/bm010315_px_configurator_start_dbox.png?width=750&rxy=0.5,0.5"
Simrad PX Flow,"Echosounder Transducer, Transceiver Marine Research, Frequency Adjustment, Fish Finding, Fish Stock Assessment, Underwater Survey",Fish finding,https://www.kongsberg.com/maritime/products/commercial-fisheries/cm-sensors/pxflow/,https://www.kongsberg.com/globalassets/discovery/simrad/_generic-images/generic-teaser-images/bm01970_005_001_sales_359x251px_web.jpg?width=360
Simrad PX MultiCatch,"Echosounder Transducer, Software Documentation, Split-Beam Transducer, Dual Frequency, Fish Finding, Underwater Survey",Fish finding,https://www.kongsberg.com/maritime/products/commercial-fisheries/cm-sensors/pxmulticatch/,https://www.kongsberg.com/globalassets/discovery/simrad/_generic-images/generic-teaser-images/bm01970_005_001_sales_359x251px_web.jpg?width=360
Simrad PX MultiSensor,"Echosounder Transducer, Software Documentation, Split-Beam Transducer, Frequency Adjustment, Fish Finding, Hydroacoustic Synchronization",Fish finding,https://www.kongsberg.com/maritime/products/commercial-fisheries/cm-sensors/pxmultisensor/,https://www.kongsberg.com/globalassets/discovery/simrad/_generic-images/generic-teaser-images/bm01970_005_001_sales_359x251px_web.jpg?width=360
Simrad PX TrawlEye,"Echosounder Transducer, Transceiver Marine Research, Broadband Sweeps, Frequency Adjustment, Fish Finding, Underwater Survey",Fish finding,https://www.kongsberg.com/maritime/products/commercial-fisheries/cm-sensors/pxtrawleye/,https://www.kongsberg.com/globalassets/discovery/simrad/_generic-images/generic-teaser-images/bm01970_005_001_sales_359x251px_web.jpg?width=360
Simrad PX Universal,"Echosounder Transducer, Software Documentation, Split-Beam Transducer, Frequency Adjustment, Fish Finding, Hydroacoustic Synchronization",Fish finding,https://www.kongsberg.com/maritime/products/commercial-fisheries/cm-sensors/simrad-px-universal/,https://www.kongsberg.com/globalassets/discovery/simrad/_generic-images/generic-teaser-images/bm01970_005_001_sales_359x251px_web.jpg?width=360
Simrad PxPos,"Echosounder Transducer, Transceiver Marine Research, Broadband Sweeps, Dual Frequency, Fish Finding, Fish Stock Assessment",Fish finding,https://www.kongsberg.com/maritime/products/commercial-fisheries/cm-sensors/pxpos/,https://www.kongsberg.com/globalassets/discovery/simrad/_generic-images/logo-and-bottom-logo-line/simrad_logo_200px.png
Simrad SH90,"Echosounder Transducer, Transceiver Marine Research, Broadband Sweeps, Dual Frequency, Fish Finding, Fish Stock Assessment",Fish finding,https://www.kongsberg.com/maritime/products/commercial-fisheries/fisherysonar/sh90/,https://www.kongsberg.com/globalassets/discovery/simrad/sonars/sh90/bm011016-003_0300_sh90_display_with_screen_capture.png
Simrad SN90,"Echosounder Transducer, Software Documentation, Broadband Sweeps, Frequency Adjustment, Fish Finding, Underwater Survey",Fish finding,https://www.kongsberg.com/maritime/products/commercial-fisheries/fisherysonar/sn90/,"https://www.kongsberg.com/globalassets/discovery/simrad/sonars/sn90/sn90-images/cd019902_xxx_sn90_logo_250px.png?width=500&rxy=0.5,0.5"
Simrad ST90,"Echosounder Transducer, Software Documentation, Frequency Adjustment, Split-Beam Transducer, Fish Finding, Underwater Survey",Fish finding,https://www.kongsberg.com/maritime/products/commercial-fisheries/fisherysonar/simrad-st90/,"https://www.kongsberg.com/globalassets/discovery/simrad/sonars/st90/st90-images/cd019902_xxx_st90_logo_250x250px.png?width=500&rxy=0.5,0.5"
Simrad SU90,"Echosounder Transducer, Transceiver Marine Research, Broadband Sweeps, Frequency Adjustment, Fish Finding, Underwater Survey",Fish finding,https://www.kongsberg.com/maritime/products/commercial-fisheries/fisherysonar/simrad-su90-fish-finding-omni-sonar/,"https://www.kongsberg.com/globalassets/discovery/simrad/sonars/su90/su90-images/cd019902_xxx_su90_logo_250x250px.png?width=500&rxy=0.5,0.5"
Simrad SX90,"Echosounder Transducer, Software Documentation, Broadband Sweeps, Frequency Adjustment, Fish Finding, Hydroacoustic Synchronization",Fish finding,https://www.kongsberg.com/maritime/products/commercial-fisheries/fisherysonar/sx90/,"https://www.kongsberg.com/globalassets/discovery/simrad/sonars/sx90/sx90-images/cd019902_xxx_sx90_logo_250x250px.png?width=500&rxy=0.5,0.5"
Simrad SY50,"Echosounder Transducer, Transceiver Marine Research, Frequency Adjustment, Split-Beam Transducer, Fish Finding, Underwater Survey",Fish finding,https://www.kongsberg.com/maritime/products/commercial-fisheries/fisherysonar/simrad-sy50/,"https://www.kongsberg.com/globalassets/discovery/simrad/sonars/sy50/sy50-media/cd019902_xxx_sy50_logo_250x250px.png?width=500&rxy=0.5,0.5"
Simrad TU40,"Echosounder Transducer, Software Documentation, Frequency Adjustment, Hydroacoustic Synchronization, Fish Finding, Underwater Survey",Fish finding,https://www.kongsberg.com/maritime/products/commercial-fisheries/trigger-systems/tu40/,"https://www.kongsberg.com/globalassets/discovery/simrad/trigger-systems/tu40/tu40-images/cd019902_xxx_tu40_logo_250x250px.png?width=500&rxy=0.5,0.5"
Simrad TV80,"Echosounder Transducer, Software Documentation, Broadband Sweeps, Split-Beam Transducer, Fish Finding, Hydroacoustic Synchronization",Fish finding,https://www.kongsberg.com/maritime/products/commercial-fisheries/fisherycatch/simrad-tv80/,"https://www.kongsberg.com/globalassets/discovery/simrad/gear-monitoring-systems/tv80/tv80-media/cd019902_xxx_tv80_logo_250x250px.png?width=500&rxy=0.5,0.5"
Single beam bottom mapping transducers,"Single beam echo sounder, High-Resolution Sonar, Seafloor Mapping, Subsea Survey",Seafloor mapping,https://www.kongsberg.com/maritime/products/ocean-science/mapping-systems/es_bottommapping/td_bottommapping/,"https://www.kongsberg.com/contentassets/e811bd38413e4c5692fd22fdd3e3aa45/transducers.jpg?width=1500&rxy=0.5,0.5"
"Single beam echo sounder, EA600 - To 11.000 m","Single beam echo sounder, Seafloor Mapping, High-Resolution Sonar, Deep Sea Exploration, Oceanography, Subsea Survey",Seafloor mapping,https://www.kongsberg.com/maritime/products/ocean-science/mapping-systems/es_bottommapping/EA-600/,"https://www.kongsberg.com/contentassets/0b214d7a4ade43ec8f415e917938f785/ea600-600x469.jpg?width=500&rxy=0.5,0.5"
"Single beam echo sounder, remote display","Single beam echo sounder, Seafloor Mapping, Oceanography, High-Resolution Sonar, Deep Sea Exploration, Subsea Survey",Seafloor mapping,https://www.kongsberg.com/maritime/products/ocean-science/mapping-systems/es_bottommapping/RD-301/,"https://www.kongsberg.com/contentassets/722ae1a296fd46adb0c900b719f1dd45/rd-remote-display-400x384.jpg?width=500&rxy=0.5,0.5"
"Sonar Processing Software, MS1000","Acoustic Modem, Subsea Communication, Portable, Submersible",Communication solutions,https://www.kongsberg.com/maritime/products/ocean-science/mapping-systems/sonars/sonar-processing-software-ms1000/,"https://www.kongsberg.com/contentassets/0f53a62b171e422fa71c1383a098fdff/ms-1000-processor-500x268.jpg?width=500&rxy=0.5,0.5"
"Sub-bottom profiler, SBP 120/300","Sub-bottom profiler, Multibeam Echo Sounder, High-Resolution Sonar, Sub-Bottom Profiling, Oceanography, Seafloor Mapping, Sub-bottom profiler, Multibeam, Seafloor Mapping, Sediment Layer Mapping","Geophysical survey, Seafloor mapping",https://www.kongsberg.com/maritime/products/ocean-science/mapping-systems/sub-bottom-profilers2/SBP-120-300/,"https://www.kongsberg.com/contentassets/e83ce224380d48748ac3a3daa2ae3a38/pile-of-sand-700x274.jpg?width=1500&rxy=0.5,0.5"
"Sub-bottom profiler, SBP 27","Sub-bottom profiler, Sub-Bottom Profiling, Seafloor Mapping, Oceanography, High-Resolution Sonar, Deep Sea Exploration, Sub-bottom profiler, Multibeam, Deep-Sea Exploration, Seafloor Mapping, Sediment Layer Mapping","Geophysical survey, Seafloor mapping",https://www.kongsberg.com/maritime/products/ocean-science/mapping-systems/sub-bottom-profilers2/sub-bottom-profiler-sbp-27/,"https://www.kongsberg.com/contentassets/e5e932079cec42d286572968c0607bbc/sbp_200m_penetration.jpg?width=1500&rxy=0.5,0.5"
"Sub-bottom profiler, SBP 29","Sub-bottom profiler, Sub-Bottom Profiling, Seafloor Mapping, Subsea Survey, High-Resolution Sonar, Multibeam Echo Sounder, Sub-bottom profiler, Multibeam echo sounder software, Multibeam, Single beam, Seafloor Mapping, Sediment Layer Mapping","Geophysical survey, Seafloor mapping",https://www.kongsberg.com/maritime/products/ocean-science/mapping-systems/sub-bottom-profilers2/sub-bottom-profiler-sbp29/,"https://www.kongsberg.com/contentassets/8df4ba3ddab94b1cbe2db72c6afefd15/sbp_200m_penetration.jpg?width=1500&rxy=0.5,0.5"
"Sub-bottom profiler, Topas","Sub-bottom profiler, High-Resolution Sonar, Seafloor Mapping, Oceanography, Deep Sea Exploration, Subsea Survey, Sub-bottom profiler, Multibeam, Seafloor Mapping, Sediment Layer Mapping","Geophysical survey, Seafloor mapping",https://www.kongsberg.com/maritime/products/ocean-science/mapping-systems/sub-bottom-profilers2/sub-bottom-profiler-parametric/,"https://www.kongsberg.com/contentassets/4bab2dd387614951a2b47f22c98fca34/image004_a4.jpg?width=1500&rxy=0.5,0.5"
Synthetic Aperture Sonar,"Synthetic Aperture Sonar, High-Resolution Sonar, Seafloor Mapping, Subsea Survey",Seafloor mapping,https://www.kongsberg.com/maritime/products/ocean-science/mapping-systems/sonars/SAS/,"https://www.kongsberg.com/contentassets/88bffcdbfa194059a83c6c3a740549ab/hisas_holmengraa.jpg?width=1500&rxy=0.5,0.5"
TD50 3D Visualization Tool,"Multibeam echo sounder, High-Resolution Sonar, Seafloor Mapping, Oceanography, Subsea Survey, Deep Sea Exploration",Seafloor mapping,https://www.kongsberg.com/maritime/products/ocean-science/ocean-science/scientific-multibeam-systems/td50/,https://www.kongsberg.com/globalassets/discovery/simrad/_generic-images/generic-teaser-images/bm019703_003_001_bridge_sunset_360x250px_web.jpg?width=360
TTC 30 & TTC 10 - Transponders test and configuration units,"Transponder, Navigation system, Acoustic Telemetry, Hydroacoustic Positioning, Underwater Communication, Subsea Survey",Underwater navigation & positioning,https://www.kongsberg.com/maritime/products/Acoustics-Positioning-and-Communication/transponders/cnode-transponders-for-hipap-and-uPAP/TTC-30-TTC-10/,"https://www.kongsberg.com/contentassets/7478367e4ef1428f80f3b839d4a6f35a/bm030107_008_001-ttc30-acoustic-test-1189x793.png?width=500&rxy=0.5,0.5"
"Uncrewed Surface Vehicle, Sounder","Uncrewed Surface Vehicle, Customizable Payload, USV hydroacoustic applications, Autonomous Maritime Vehicle, Long Endurance, Maritime Research Support, USV(und) products, Sounder USV, Navigation, Multibeam Echo sounder, Marine Survey, Environmental Monitoring, Autonomous Transceiver, Oceanographic Instrument, Split-Beam Transducer, GPS integrated system, Environmental Monitoring, Scientific Research, Multibeam Echo Sounder, Synthetic Aperture Sonar, High-Resolution Sonar, Oceanography, Seafloor Mapping, Subsea Survey","Autonomous and uncrewed solutions, Fishery & ocean research, Seafloor mapping, Naval",https://www.kongsberg.com/maritime/products/marine-robotics/uncrewed-surface-vehicle-sounder/,https://www.feed-image-editor.com/sites/default/files/perm/wysiwyg/image_not_available.png
Underwater Altimeters - 1107 series,"AUV (aut) products, USV(und) products, 3000 meter, 6000 meter, Environmental Monitoring, Marine Survey, Autonomous Underwater Vehicle, Sub-bottom profiler, Positioning & attitude, Single beam, Deep-Sea Exploration, Seafloor Mapping, Autonomous Underwater Vehicle, Acoustic Control System, Acoustic Telemetry Link, Autonomous Navigation, Underwater Surveillance, Remote Sensing, Single beam echo sounder, Sub-bottom profiler, High-Resolution Sonar, Sub-Bottom Profiling, Seafloor Mapping, Subsea Survey","Geophysical survey, Seafloor mapping, Surveillance & monitoring, Autonomous and uncrewed solutions",https://www.kongsberg.com/maritime/products/marine-robotics/underwater-vehicle-instruments/1107-series/,"https://www.kongsberg.com/contentassets/481ffb44d09e4fe4b11e71b5e61c2e34/alttimeter-150x280.jpg?width=500&rxy=0.5,0.5"
WBAT,"Echo Sounder System, Oceanographic Instrument, Wideband Technology, Split-Beam Transducer, Environmental Monitoring, Scientific Research, Marine Echo Sounder, Sensor Fusion Compatible, Environmental Monitoring, Maritime Navigation","Fishery & ocean research, Surface navigation & positioning",https://www.kongsberg.com/maritime/products/ocean-science/ocean-science/es_scientific/sci_es_transceivers/wbat/,https://www.kongsberg.comhttps://www.simrad.net/ek80/images/wbat_photo_01.jpg
WBT,"Echo Sounder System, Oceanographic Instrument, Wideband Technology, Split-Beam Transducer, Scientific Research, Fish Stock Assessment, Marine Echo Sounder, Inertial Sensor, Sensor Fusion Compatible, Environmental Monitoring, Maritime Navigation, Vessel Tracking","Fishery & ocean research, Surface navigation & positioning",https://www.kongsberg.com/maritime/products/ocean-science/ocean-science/es_scientific/sci_es_transceivers/wbt/,"https://www.kongsberg.com/globalassets/discovery/simrad/echo-sounders-and-adcp/wbt/wbt-images/bm019502_001_011_wbt_top_ek80_500px_web.gif?width=750&rxy=0.5,0.5"
WBT Mini,"Marine Echo Sounder, Inertial Sensor, Sensor Fusion Compatible, Environmental Monitoring, Maritime Navigation, Vessel Tracking, Autonomous Transceiver, Echo Sounder System, Wideband Technology, Split-Beam Transducer, Environmental Monitoring, Scientific Research","Fishery & ocean research, Surface navigation & positioning",https://www.kongsberg.com/maritime/products/ocean-science/ocean-science/es_scientific/sci_es_transceivers/simrad-wbt-mini/,https://www.kongsberg.comhttps://www.simrad.net/ek80/images/wbt_mini_photo_01.jpg
WBT Tube,"Echo Sounder System, Oceanographic Instrument, Wideband Technology, Split-Beam Transducer, Environmental Monitoring, Scientific Research, Marine Echo Sounder, Inertial Sensor, Sensor Fusion Compatible, Environmental Monitoring, Maritime Navigation, Vessel Tracking","Fishery & ocean research, Surface navigation & positioning",https://www.kongsberg.com/maritime/products/ocean-science/ocean-science/es_scientific/sci_es_transceivers/simrad-wbt-tube/,"https://www.kongsberg.com/globalassets/discovery/simrad/echo-sounders-and-adcp/wbt-tube/bm019512_001_001_wbt_tube_500px_web.png?width=750&rxy=0.5,0.5"
cNODE - Modem Embedable,"Modem, Positioning system, Acoustic Telemetry, Hydroacoustic Positioning, Underwater Communication, ROV integration, Modem, Acoustic Modem, Subsea Communication, Maritime Communication, customer specific integration (OEM), Submersible","Underwater navigation & positioning, Communication solutions",https://www.kongsberg.com/maritime/products/Acoustics-Positioning-and-Communication/modems/modem-embedable/,"https://www.kongsberg.com/contentassets/fe8d6eea6960465994ee1008f4d544c2/cnode-oem-700x319.jpg?width=500&rxy=0.5,0.5"
cNODE - Modem Explorer,"Modem, Positioning system, Acoustic Telemetry, Hydroacoustic Positioning, ROV integration, Underwater Communication, Modem, Transceiver, Acoustic Modem, Subsea Communication, Maritime Communication, Rapid deployment kit","Underwater navigation & positioning, Communication solutions",https://www.kongsberg.com/maritime/products/Acoustics-Positioning-and-Communication/modems/compact-modem-and-transponder/,"https://www.kongsberg.com/contentassets/f07f26174fdc4b7eb2fa509134e0bfe2/cnode-modem-explorer-700x225.jpg?width=500&rxy=0.5,0.5"
cNODE - Modem MiniS,"Modem, Positioning system, Acoustic Telemetry, Hydroacoustic Positioning, Underwater Communication, Subsea Survey, Modem, Acoustic Modem, Subsea Communication, Maritime Communication, Submersible, Portable","Underwater navigation & positioning, Communication solutions",https://www.kongsberg.com/maritime/products/Acoustics-Positioning-and-Communication/modems/cnode-minis/,"https://www.kongsberg.com/contentassets/2ed043877cd549af88d4fe1dbeca6b3d/cnode-minis-modem.jpg?width=1500&rxy=0.5,0.5"
"cNODE - Transponder, Embedable","Transponder, Positioning system, Acoustic Telemetry, Hydroacoustic Positioning, ROV integration, Subsea Survey",Underwater navigation & positioning,https://www.kongsberg.com/maritime/products/Acoustics-Positioning-and-Communication/transponders/cnode-transponders-for-hipap-and-uPAP/cNODE-Embed/,"https://www.kongsberg.com/contentassets/8e0944bfa1c74713abadb7fa131c898a/cnode-oem-700x319.jpg?width=500&rxy=0.5,0.5"
"cNODE - Transponder, for explosive atmosphere","Transponder, Hydroacoustic Positioning, Underwater Communication, Explosive Atmosphere Operation, Subsea Survey",Underwater navigation & positioning,https://www.kongsberg.com/maritime/products/Acoustics-Positioning-and-Communication/transponders/cnode-transponders-for-hipap-and-uPAP/cNODE-Exd/,"https://www.kongsberg.com/globalassets/maritime/km-products/pictures/transponder-for-explosive-atmosphere.jpg?width=500&rxy=0.5,0.5"
cNODE Explorer - Transponder,"Transponder, Positioning system, Acoustic Telemetry, Hydroacoustic Positioning, Underwater Communication, Subsea Survey",Underwater navigation & positioning,https://www.kongsberg.com/maritime/products/Acoustics-Positioning-and-Communication/transponders/cnode-transponders-for-hipap-and-uPAP/cnode-explorer---transponder/,"https://www.kongsberg.com/contentassets/b8a5b651ef0944b990f0b530509829d4/cnode-modem-explorer-700x225.jpg?width=500&rxy=0.5,0.5"
cNODE IQAM - Intelligent data analysis and monitoring,"Transponder, Navigation system, Acoustic Telemetry, Inertial Measurement Unit, Subsea Survey, Underwater Communication",Underwater navigation & positioning,https://www.kongsberg.com/maritime/products/Acoustics-Positioning-and-Communication/transponders/cnode-transponders-for-hipap-and-uPAP/cNODE-IQAM/,"https://www.kongsberg.com/contentassets/ca1802a3d113416f9530c4dd7ad44411/cnode-iqam-700x372.jpg?width=500&rxy=0.5,0.5"
cNODE Maxi - Transponder,"Transponder, Positioning system, Acoustic Telemetry, Hydroacoustic Positioning, Subsea Survey, Underwater Communication",Underwater navigation & positioning,https://www.kongsberg.com/maritime/products/Acoustics-Positioning-and-Communication/transponders/cnode-transponders-for-hipap-and-uPAP/cNODE-Maxi/,"https://www.kongsberg.com/contentassets/94479533588c488aa1fbc65bc80794eb/cnode-maxi-700x152.jpg?width=500&rxy=0.5,0.5"
cNODE Micro - Transponder,"Transponder, Positioning system, Acoustic Telemetry, Hydroacoustic Positioning, Underwater Communication, Subsea Survey",Underwater navigation & positioning,https://www.kongsberg.com/maritime/products/Acoustics-Positioning-and-Communication/transponders/cnode-transponders-for-hipap-and-uPAP/cNODE-Micro/,"https://www.kongsberg.com/contentassets/1f7424716980446e96013a5582c77de0/cnode-micro-700x177.jpg?width=500&rxy=0.5,0.5"
cNODE Midi - Transponder,"Transponder, Positioning system, Acoustic Telemetry, Hydroacoustic Positioning, Dynamic Positioning Reference, Underwater Communication",Underwater navigation & positioning,https://www.kongsberg.com/maritime/products/Acoustics-Positioning-and-Communication/transponders/cnode-transponders-for-hipap-and-uPAP/cNODE-Midi/,"https://www.kongsberg.com/contentassets/ca3263c79f02418fae44ab28b959d482/cnode-midi-700x186.jpg?width=500&rxy=0.5,0.5"
cNODE Mini - Transponder,"Transponder, Positioning system, Acoustic Telemetry, Hydroacoustic Positioning, ROV integration, Subsea Survey",Underwater navigation & positioning,https://www.kongsberg.com/maritime/products/Acoustics-Positioning-and-Communication/transponders/cnode-transponders-for-hipap-and-uPAP/transponder-mini/,"https://www.kongsberg.com/contentassets/12a9b4b1034b4d298c5ff1b7b3ce3da6/cnode-mini-700x130.jpg?width=500&rxy=0.5,0.5"
cNODE MiniS - Transponder,"Transponder, Positioning system, Acoustic Telemetry, Hydroacoustic Positioning, ROV integration, Subsea Survey",Underwater navigation & positioning,https://www.kongsberg.com/maritime/products/Acoustics-Positioning-and-Communication/transponders/cnode-transponders-for-hipap-and-uPAP/cNODE-MiniS/,"https://www.kongsberg.com/contentassets/579601a0858d4901be08d06711a36a44/cnode-minis-700x371.jpg?width=500&rxy=0.5,0.5"
cNode - Modem Mantis,"Modem, Positioning system, Acoustic Telemetry, Hydroacoustic Positioning, ROV integration, Underwater Communication, Modem, Transceiver, Acoustic Modem, Subsea Communication, Portable, Rapid deployment kit","Underwater navigation & positioning, Communication solutions",https://www.kongsberg.com/maritime/products/Acoustics-Positioning-and-Communication/modems/cnode---modem-mantis/,"https://www.kongsberg.com/contentassets/35803c378c20453e86355c82ea7b84e7/cnode-mantis---template---v1_25-900x506.png?width=1500&rxy=0.5,0.5"
cPAP - ROV positioning in Long Base Line transponder array,"Positioning system, Transponder, Acoustic Telemetry, Hydroacoustic Positioning, ROV integration, Subsea Survey",Underwater navigation & positioning,https://www.kongsberg.com/maritime/products/Acoustics-Positioning-and-Communication/transponders/cPAP/,"https://www.kongsberg.com/contentassets/dafb4cc64daa4a379a0773e9e0e9490b/cpap-1020x533.jpg?width=500&rxy=0.5,0.5"
cPAP Portable tranceivers,"Positioning system, Navigation system, Acoustic Telemetry, Hydroacoustic Positioning, Dynamic Positioning Reference, Underwater Communication",Underwater navigation & positioning,https://www.kongsberg.com/maritime/products/Acoustics-Positioning-and-Communication/transponders/support-cpap-portable-tranceivers/,https://www.feed-image-editor.com/sites/default/files/perm/wysiwyg/image_not_available.png
transceivers for scientific echo sounders,"Autonomous Transceiver, Echo Sounder System, Split-Beam Transducer, Wideband Technology, Environmental Monitoring, Scientific Research, Echosounder Transducer, Transceiver Marine Research, Broadband Sweeps, Split-Beam Transducer, Fish Finding, Underwater Survey","Fish finding, Fishery & ocean research",https://www.kongsberg.com/maritime/products/ocean-science/ocean-science/es_scientific/sci_es_transceivers/,"https://www.kongsberg.com/contentassets/d2260f44c23d48b3a2f44bfe554f320b/tonny.jpg?width=200&rxy=0.5,0.5"
