url,Product_Name,Data sheets
https://www.kongsberg.com/maritime/products/Acoustics-Positioning-and-Communication/acoustic-control-system/ACS500/,Acoustic control system for BOP operation,
https://www.kongsberg.com/maritime/products/onshore/onshore-systems/ais-network-infrastructure-shorebased/ais-physical-shore-stations/,AIS physical shore stations,
https://www.kongsberg.com/maritime/products/onshore/onshore-systems/ais-network-infrastructure-shorebased/ais-service-management-system/,AIS service management system,
https://www.kongsberg.com/maritime/products/onshore/space-based/ais-space-receiver/,AIS space receivers,"https://www.kongsberg.com/contentassets/6a9f1eb8cd5647959847f9d32783b09a/datasheet_asr_c50.pdf, https://www.kongsberg.com/contentassets/6a9f1eb8cd5647959847f9d32783b09a/datasheet_asrx50.pdf"
https://www.kongsberg.com/maritime/products/ocean-science/blue-insight/analytics/,Analytics,https://www.kongsberg.com/contentassets/90db5b261a15439e8c200bfc2969308f/datasheet_blueinsight.pdf
https://www.kongsberg.com/maritime/products/Acoustics-Positioning-and-Communication/acoustic-positioning-systems/hipap-models/HiPAP-HPR/,APOS - Operating station for HiPAP and HPR Acoustic positioning systems,
https://www.kongsberg.com/maritime/products/Acoustics-Positioning-and-Communication/acoustic-positioning-systems/hipap-models/apos-survey---surveyors-independent-operator-station-for-hipap/,APOS Survey - Surveyor's independent Operator Station for HiPAP,
https://www.kongsberg.com/maritime/products/commercial-fisheries/aquaculture-monitoring-systems/aquaculture-monitoring-system/,Aquaculture monitoring system,https://www.kongsberg.com/contentassets/520f6e01da10469ea53f0398a179973e/km_datsheeta4_aquaculture-monitoring-system_210512.pdf
https://www.kongsberg.com/maritime/products/bridge-systems-and-control-centres/navigation-systems/ais-automatic-identification-sensor/,"Automatic Identification System, AIS","https://www.kongsberg.com/contentassets/abc742e411b04f1ab77096bc04194195/datasheet_ais300.pdf, https://www.kongsberg.com/contentassets/abc742e411b04f1ab77096bc04194195/datasheet_ais300s.pdf, https://www.kongsberg.com/contentassets/abc742e411b04f1ab77096bc04194195/datasheet_ais300bf.pdf, https://www.kongsberg.com/contentassets/abc742e411b04f1ab77096bc04194195/datasheet_mfd307.pdf"
https://www.kongsberg.com/maritime/products/marine-robotics/autonomous-underwater-vehicles/AUV-hugin/,"Autonomous Underwater Vehicle, HUGIN",https://www.kongsberg.com/contentassets/9a7a2014928540309caa9552b55e4b42/01.marine-robots-2p-03.09.21.pdf
https://www.kongsberg.com/maritime/products/marine-robotics/autonomous-underwater-vehicles/autonomous-underwater-vehicle-hugin-edge/,"Autonomous Underwater Vehicle, HUGIN Edge",https://www.kongsberg.com/contentassets/8cf870df24534451afb5f54d171ba2ba/datasheet_hugin_edge.pdf
https://www.kongsberg.com/maritime/products/marine-robotics/autonomous-underwater-vehicles/autonomous-underwater-vehicle-hugin-endurance/,"Autonomous Underwater Vehicle, HUGIN Endurance",https://www.kongsberg.com/contentassets/3a18a176bcca41e98b7f08eedf64e4e8/473631a_hugin_endurance_datasheet.pdf
https://www.kongsberg.com/maritime/products/marine-robotics/autonomous-underwater-vehicles/AUV-hugin-superior/,"Autonomous Underwater Vehicle, HUGIN Superior",https://www.kongsberg.com/globalassets/maritime/km-products/product-documents/hugin-superior.pdf
https://www.kongsberg.com/maritime/products/ocean-science/blue-insight/,Blue Insight,https://www.kongsberg.com/contentassets/88df0cc7b3574a0ab3d1d0d560fae99b/datasheet_blueinsight.pdf
https://www.kongsberg.com/maritime/products/Acoustics-Positioning-and-Communication/modems/modem-embedable/,cNODE - Modem Embedable,
https://www.kongsberg.com/maritime/products/Acoustics-Positioning-and-Communication/modems/compact-modem-and-transponder/,cNODE - Modem Explorer,
https://www.kongsberg.com/maritime/products/Acoustics-Positioning-and-Communication/modems/cnode---modem-mantis/,cNode - Modem Mantis,https://www.kongsberg.com/contentassets/35803c378c20453e86355c82ea7b84e7/494054a-cnode-mantis-data-sheet.pdf
https://www.kongsberg.com/maritime/products/Acoustics-Positioning-and-Communication/modems/cnode-minis/,cNODE - Modem MiniS,https://www.kongsberg.com/contentassets/1de6d234d15c4a31a1b4387a05e5a2bb/405264-subsea-construction.pdf
https://www.kongsberg.com/maritime/products/Acoustics-Positioning-and-Communication/transponders/cnode-transponders-for-hipap-and-uPAP/cNODE-Embed/,"cNODE - Transponder, Embedable",
https://www.kongsberg.com/maritime/products/Acoustics-Positioning-and-Communication/transponders/cnode-transponders-for-hipap-and-uPAP/cNODE-Exd/,"cNODE - Transponder, for explosive atmosphere",https://www.kongsberg.com/globalassets/maritime/km-products/product-documents/405264-subsea-construction.pdf
https://www.kongsberg.com/maritime/products/Acoustics-Positioning-and-Communication/transponders/cnode-transponders-for-hipap-and-uPAP/cnode-explorer---transponder/,cNODE Explorer - Transponder,https://www.kongsberg.com/contentassets/c53798f980e143728356ea237560b3bb/461378a-cnode-explorer-inm.pdf
https://www.kongsberg.com/maritime/products/Acoustics-Positioning-and-Communication/transponders/cnode-transponders-for-hipap-and-uPAP/cNODE-IQAM/,cNODE IQAM - Intelligent data analysis and monitoring,
https://www.kongsberg.com/maritime/products/Acoustics-Positioning-and-Communication/transponders/cnode-transponders-for-hipap-and-uPAP/cNODE-Maxi/,cNODE Maxi - Transponder,
https://www.kongsberg.com/maritime/products/Acoustics-Positioning-and-Communication/transponders/cnode-transponders-for-hipap-and-uPAP/cNODE-Micro/,cNODE Micro - Transponder,https://www.kongsberg.com/globalassets/maritime/km-products/product-documents/405264-subsea-construction.pdf
https://www.kongsberg.com/maritime/products/Acoustics-Positioning-and-Communication/transponders/cnode-transponders-for-hipap-and-uPAP/cNODE-Midi/,cNODE Midi - Transponder,https://www.kongsberg.com/globalassets/maritime/km-products/product-documents/405264-subsea-construction.pdf
https://www.kongsberg.com/maritime/products/Acoustics-Positioning-and-Communication/transponders/cnode-transponders-for-hipap-and-uPAP/transponder-mini/,cNODE Mini - Transponder,https://www.kongsberg.com/globalassets/maritime/km-products/product-documents/405264-subsea-construction.pdf
https://www.kongsberg.com/maritime/products/Acoustics-Positioning-and-Communication/transponders/cnode-transponders-for-hipap-and-uPAP/cNODE-MiniS/,cNODE MiniS - Transponder,"https://www.kongsberg.com/contentassets/3430e6ff5b7348c884fff37922f5aa63/407452f-cnode-minis-datasheet.pdf, https://www.kongsberg.com/contentassets/3430e6ff5b7348c884fff37922f5aa63/469265a-cnode-minis-p-datasheet.pdf, https://www.kongsberg.com/contentassets/3430e6ff5b7348c884fff37922f5aa63/467422a-cnode-minis-s-datasheet.pdf, https://www.kongsberg.com/contentassets/3430e6ff5b7348c884fff37922f5aa63/490531_a-cnode-minis-1.11-50v-datasheet.pdf"
https://www.kongsberg.com/maritime/products/ocean-science/blue-insight/core/,Core,https://www.kongsberg.com/contentassets/1dfb2762fb3f43749e0333e48174a49f/datasheet_blueinsight.pdf
https://www.kongsberg.com/maritime/products/Acoustics-Positioning-and-Communication/transponders/cPAP/,cPAP - ROV positioning in Long Base Line transponder array,https://www.kongsberg.com/contentassets/57a857b841ea412b935571193488b6c7/405264-subsea-construction.pdf
https://www.kongsberg.com/maritime/products/Acoustics-Positioning-and-Communication/transponders/support-cpap-portable-tranceivers/,cPAP Portable tranceivers,https://www.kongsberg.com/globalassets/maritime/km-products/product-documents/405264-subsea-construction.pdf
https://www.kongsberg.com/maritime/products/ocean-science/blue-insight/data-forwarder/,Data forwarder,https://www.kongsberg.com/contentassets/688f970054854477a22ca6e844eaed11/datasheet_blueinsight.pdf
https://www.kongsberg.com/maritime/products/onshore/onshore-systems/dgps-dgnss-reference-and-monitoring-stations/,DGPS / DGNSS reference and monitoring stations,"https://www.kongsberg.com/contentassets/bb1c51497aac427ead65bcd68a658b3e/productsheet_dgnss_cm.pdf, https://www.kongsberg.com/contentassets/bb1c51497aac427ead65bcd68a658b3e/datasheet_drs-ims_500.pdf"
https://www.kongsberg.com/maritime/products/marine-robotics/underwater-vehicle-instruments/single-beam-scanning-sonars/domed-scanning-sonar/,Domed Scanning Sonar,
https://www.kongsberg.com/maritime/products/ocean-science/mapping-systems/sonars/sonars-for-marine-site-inspection/DAS/,Dual Axis Scanning Sonar ,https://www.kongsberg.com/globalassets/maritime/km-products/product-documents/das-system-dual-axis-scanning-sonar.pdf
https://www.kongsberg.com/maritime/products/ocean-science/mapping-systems/es_bottommapping/EA440/,EA440 - shallow and medium waters,"https://www.kongsberg.com/contentassets/fa9cd40ee299462dbda53e5e12f73de2/323029e-ea440-datasheet.pdf, https://www.kongsberg.com/contentassets/fa9cd40ee299462dbda53e5e12f73de2/418374d-ea440-splashproof-datasheet.pdf, https://www.kongsberg.com/globalassets/maritime/km-products/product-documents/ea440-wide-band-hydrographic-echo-sounder-de.pdf, https://www.kongsberg.com/globalassets/maritime/km-products/product-documents/sonar-mosaic_datasheet_en.pdf, https://www.kongsberg.com/globalassets/maritime/km-products/product-documents/sonar-mosaic_datasheet_de.pdf"
https://www.kongsberg.com/maritime/products/ocean-science/mapping-systems/es_bottommapping/ea640/,EA640 - full ocean depths,https://www.kongsberg.com/contentassets/3fa11659a3d3438586f6349d5b122f0c/407202c-ea640-datasheet.pdf
https://www.kongsberg.com/maritime/products/ocean-science/mapping-systems/es_bottommapping/echosounder-sweep-system/,"Echo sounder sweep system, MCU",
https://www.kongsberg.com/maritime/products/ocean-science/ocean-science/ekmp/,EK Mission Planner,
https://www.kongsberg.com/maritime/products/ocean-science/ocean-science/es_scientific/sci_es_transceivers/ek80p/,EK80 Portable,https://www.simrad.online/ek80/sales/ek80p_ds_en_a4.pdf
https://www.kongsberg.com/maritime/products/ocean-science/ocean-science/es_scientific/sci_es_transceivers/ek80-portable-entry/,EK80 Portable entry,https://www.simrad.online/ek80/sales/ek80p_flyer.pdf
https://www.kongsberg.com/maritime/products/ocean-science/ocean-science/es_scientific/ek80software/,EK80 software,
https://www.kongsberg.com/maritime/products/ocean-science/mapping-systems/multibeam-echo-sounders/em-124-multibeam-echosounder-max.-11000-m,"EM 124 Multibeam echosounder, Max. 11000 m","https://www.kongsberg.com/contentassets/fc4a27883f1d4d3a86775c4f483b323b/464489ae_hws_mc3xx_data_sheet_02.pdf, https://www.kongsberg.com/contentassets/fc4a27883f1d4d3a86775c4f483b323b/446295c_sis5_data_sheet.pdf, https://www.kongsberg.com/contentassets/fc4a27883f1d4d3a86775c4f483b323b/01.sis-remote-2p-26.05.21.pdf"
https://www.kongsberg.com/maritime/products/ocean-science/mapping-systems/multibeam-echo-sounders/em-2040-multibeam-echosounder-max.-6000-m,EM 2040 MKII Multibeam echosounder,https://www.kongsberg.com/contentassets/e8fa4f09f25f4b1e86eda52cc1355dc7/em-2040---mkii-data-sheet.pdf
https://www.kongsberg.com/maritime/products/ocean-science/mapping-systems/multibeam-echo-sounders/em-2040-phs-portable-hydrographic-system-/,EM 2040 PHS Portable Hydrographic System ,
https://www.kongsberg.com/maritime/products/ocean-science/mapping-systems/multibeam-echo-sounders/em-2040c-multibeam-echosounder-max.-500-m,"EM 2040C MKII Multibeam echosounder, Max. 500 m",
https://www.kongsberg.com/maritime/products/ocean-science/mapping-systems/multibeam-echo-sounders/em-2040p-mkii-multibeam-echosounder-max.-550-m,"EM 2040P MKII Multibeam echosounder, Max. 550 m",https://www.kongsberg.com/contentassets/2b09d642b1604c78941086c6ce60a9b0/437136aj_em2040p_mk2_data_sheet.pdf
https://www.kongsberg.com/maritime/products/ocean-science/mapping-systems/multibeam-echo-sounders/em-304-mkii-multibeam-echosounder/,EM 304 MKII Multibeam echosounder,"https://www.kongsberg.com/contentassets/37b2b502e3d549d6ab66dcd5d551e750/463787aa_em304_mkii_data_sheet.pdf, https://www.kongsberg.com/contentassets/82c5f66cc036430d85e1b9edf32fbe0b/464489ae_hws_mc3xx_data_sheet_02.pdf, https://www.kongsberg.com/contentassets/82c5f66cc036430d85e1b9edf32fbe0b/446295c_sis5_data_sheet.pdf, https://www.kongsberg.com/contentassets/82c5f66cc036430d85e1b9edf32fbe0b/01.sis-remote-2p-26.05.21.pdf"
https://www.kongsberg.com/maritime/products/ocean-science/mapping-systems/multibeam-echo-sounders/em-304-multibeam-echosounder-max.-8000-m,"EM 304 Multibeam echosounder, Max. 8000 m",
https://www.kongsberg.com/maritime/products/ocean-science/mapping-systems/multibeam-echo-sounders/em-712-multibeam-echosounder-max.-3600-m,"EM 712 Multibeam echosounder, Max. 3600 m","https://www.kongsberg.com/contentassets/2c197a1f0a33461b9642276e31b67fb7/datasheet_em_712.pdf, https://www.kongsberg.com/contentassets/2c197a1f0a33461b9642276e31b67fb7/464489ae_hws_mc3xx_data_sheet_02.pdf, https://www.kongsberg.com/contentassets/2c197a1f0a33461b9642276e31b67fb7/446295c_sis5_data_sheet.pdf, https://www.kongsberg.com/contentassets/2c197a1f0a33461b9642276e31b67fb7/01.sis-remote-2p-26.05.21.pdf"
https://www.kongsberg.com/maritime/products/commercial-fisheries/aquaculture-monitoring-systems/information-transfer-system/,Fish farm information transfer system,
https://www.kongsberg.com/maritime/products/commercial-fisheries/fisherysounder/td_fishfinding/,Fish-finding transducers,
https://www.kongsberg.com/maritime/products/vessel-reference-systems/position-systems/gnss-compass-and-position-sensor/,GNSS compass and position sensor,"https://www.kongsberg.com/contentassets/0d2751ec14f74850bf4106ace4472d5f/datasheet_seanav300.pdf, https://www.kongsberg.com/globalassets/maritime/snr-files/mfd/datasheet_mfd307_aug18.pdf"
https://www.kongsberg.com/maritime/products/vessel-reference-systems/position-systems/dps/,GNSS/DGNSS Position Sensors,
https://www.kongsberg.com/maritime/products/vessel-reference-systems/position-systems/differential-absolute-relative-position-sensor/,GNSS-based Relative Position Sensor,"https://www.kongsberg.com/contentassets/7162715d5e3941838b97b22c33b57aae/110-0042313a_datasheet_darps232_jun23.pdf, https://www.kongsberg.com/contentassets/7162715d5e3941838b97b22c33b57aae/datasheet_darps900b.pdf, https://www.kongsberg.com/contentassets/7162715d5e3941838b97b22c33b57aae/datasheet_dgnss3710.pdf"
https://www.kongsberg.com/maritime/products/vessel-reference-systems/position-systems/gps-navigation-sensor/,GPS navigation sensor,https://www.kongsberg.com/contentassets/f8c817520a594f678aa232adbc73a4f8/datasheet_seapos300.pdf
https://www.kongsberg.com/maritime/products/Acoustics-Positioning-and-Communication/hain/hain-reference/,HAIN Reference for DP,https://www.kongsberg.com/contentassets/908f79d5012e4bfba5345fa62e5ba41c/301416aa-hain-position-reference-pd.pdf
https://www.kongsberg.com/maritime/products/vessel-reference-systems/motion-and-heading-sensors/helideck-monitoring-system/,Helideck Monitoring System,"https://www.kongsberg.com/contentassets/587a526dc451456eb14a0eb82c31554d/471738b_ds_hms300_oct22.pdf, https://www.kongsberg.com/contentassets/587a526dc451456eb14a0eb82c31554d/datasheet_avr100.pdf"
https://www.kongsberg.com/maritime/products/ocean-science/mapping-systems/sonars/sonars-for-marine-site-inspection/high-resolution-1171-sonar-heads/,HIGH RESOLUTION 1171 SONAR HEADS,https://www.kongsberg.com/contentassets/6a46a7f3ae4d4a52a192636df7d93d9c/3d-inspection-of-bridge-sub-structural-elements.pdf
https://www.kongsberg.com/maritime/products/Acoustics-Positioning-and-Communication/acoustic-positioning-systems/hipap-models/hipap-102/,HiPAP 102 - Ultra Deep Water Positioning system,https://www.kongsberg.com/globalassets/maritime/km-products/product-documents/405264-subsea-construction.pdf
https://www.kongsberg.com/maritime/products/Acoustics-Positioning-and-Communication/acoustic-positioning-systems/hipap-models/hipap-102p/,HiPAP 102P - Portable Acoustic Positioning system for Ultra-Deep water Operations,https://www.kongsberg.com/globalassets/maritime/km-products/product-documents/405264-subsea-construction.pdf
https://www.kongsberg.com/maritime/products/Acoustics-Positioning-and-Communication/acoustic-positioning-systems/hipap-models/hipap-352/,HiPAP 352 - High Precision Acoustic Positioning System,https://www.kongsberg.com/globalassets/maritime/km-products/product-documents/405264-subsea-construction.pdf
https://www.kongsberg.com/maritime/products/Acoustics-Positioning-and-Communication/acoustic-positioning-systems/hipap-models/hipap-352p/,HiPAP 352P - Portable Acoustic Positioning system,https://www.kongsberg.com/globalassets/maritime/km-products/product-documents/405264-subsea-construction.pdf
https://www.kongsberg.com/maritime/products/Acoustics-Positioning-and-Communication/acoustic-positioning-systems/hipap-models/hipap-452/,HiPAP 452 - High Precision Acoustic Positioning System,https://www.kongsberg.com/globalassets/maritime/km-products/product-documents/405264-subsea-construction.pdf
https://www.kongsberg.com/maritime/products/Acoustics-Positioning-and-Communication/acoustic-positioning-systems/hipap-models/hipap-502-high/,HiPAP 502 - High Precision Acoustic Positioning System,https://www.kongsberg.com/globalassets/maritime/km-products/product-documents/405264-subsea-construction.pdf
https://www.kongsberg.com/maritime/products/Acoustics-Positioning-and-Communication/acoustic-positioning-systems/hipap-models/hipap-502p-high-precision-acoustic-positioning-system/,HiPAP 502P - High Precision Acoustic Positioning System,https://www.kongsberg.com/globalassets/maritime/km-products/product-documents/405264-subsea-construction.pdf
https://www.kongsberg.com/maritime/products/Acoustics-Positioning-and-Communication/acoustic-positioning-systems/hipap-models/hipap602/,HiPAP 602 - High Precision Acoustic Positioning System,https://www.kongsberg.com/globalassets/maritime/km-products/product-documents/405264-subsea-construction.pdf
https://www.kongsberg.com/maritime/products/marine-robotics/underwater-vehicle-instruments/hydroacoustic-aided-inertial-navigation-rov-auv-applications/,"Hydroacoustic Aided Inertial Navigation, ROV applications",https://www.kongsberg.com/contentassets/c903ce5249fb4f66bba8825397736c22/476665a-hain-subsea-7000-datasheet.pdf
https://www.kongsberg.com/maritime/products/situational-awareness/kongsberg-camera-cluster/,Kongsberg Camera Cluster,https://www.kongsberg.com/contentassets/e667920315fb46108af0ff718e180f68/datasheet_kcc.pdf
https://www.kongsberg.com/maritime/products/situational-awareness/proximityview/,Kongsberg Proximity Assistance,https://www.kongsberg.com/contentassets/9389e78c01a54fa6bc6a6821de3009f3/110-0040129a_ds_proximityview100_may23.pdf
https://www.kongsberg.com/maritime/products/ocean-science/mapping-systems/multibeam-echo-sounders/k-sync/,K-Sync Synchronization unit,https://www.kongsberg.com/contentassets/19ab735d43d04dc583f9ad9fb8330e1e/398737_underwater-mapping-brochure_-september-2016_print.pdf
https://www.kongsberg.com/maritime/products/vessel-reference-systems/position-systems/laser-based-position-reference-system/,Laser-based relative position sensor,"https://www.kongsberg.com/contentassets/1a091b5424194147b3b80f43f250ed72/datasheet_spottrack.pdf, https://www.kongsberg.com/contentassets/1a091b5424194147b3b80f43f250ed72/datasheet_spottrackprisms.pdf"
https://www.kongsberg.com/maritime/products/bridge-systems-and-control-centres/broadband-radios/maritime-broadband-radio/,Maritime Broadband Radio - MBR,https://www.kongsberg.com/contentassets/aefda46a15ae491fb71a724a2e4782bd/mbr_family.pdf
https://www.kongsberg.com/maritime/products/ocean-science/ocean-science/scientific-multibeam-systems/me70/,ME70 multibeam echo sounder,
https://www.kongsberg.com/maritime/products/Acoustics-Positioning-and-Communication/acoustic-positioning-systems/pap-micropap-compact-acoustic-positioning-system/,MicroPAP (¬µPAP) - Compact acoustic positioning system,https://www.kongsberg.com/globalassets/maritime/km-products/product-documents/405264-subsea-construction.pdf
https://www.kongsberg.com/maritime/products/vessel-reference-systems/motion-and-heading-sensors/mru/,Motion Reference Unit,
https://www.kongsberg.com/maritime/products/ocean-science/ocean-science/scientific-multibeam-systems/ms70/,MS70 Multibeam sonar,
https://www.kongsberg.com/maritime/products/ocean-science/mapping-systems/sonars/sonars-for-marine-site-inspection/flexview/,"Multibeam Sonar, Flexview",
https://www.kongsberg.com/maritime/products/ocean-science/mapping-systems/sonars/sonars-for-marine-site-inspection/m3/,"Multibeam sonar, M3 Sonar¬Æ",
https://www.kongsberg.com/maritime/products/vessel-reference-systems/position-systems/long-range-relative-positioning-solution/,MW-based Long-range relative position sensor,
https://www.kongsberg.com/maritime/products/vessel-reference-systems/position-systems/relative-position-reference-system-radius/,MW-based Relative position sensor,
https://www.kongsberg.com/maritime/products/marine-robotics/underwater-vehicle-instruments/navlab-generic-simulation-and-post-processing-navigation-software/,NavLab - Generic simulation and post-processing navigation software,https://www.kongsberg.com/globalassets/maritime/km-products/product-documents/390297.pdf
https://www.kongsberg.com/maritime/products/vessel-reference-systems/position-systems/non-differential-position-sensors/,Non-Differential Position Sensors,
https://www.kongsberg.com/maritime/products/ocean-science/blue-insight/ocean-view/,Ocean view,https://www.kongsberg.com/contentassets/37784f493caf4b4a9bb8e22133fff5ee/datasheet_blueinsight.pdf
https://www.kongsberg.com/maritime/products/commercial-fisheries/fisherycatch/hydrophones/portable-hydrophone/,PI Portable hydrophone,
https://www.kongsberg.com/maritime/products/commercial-fisheries/fisherycatch/hydrophones/purse-seine-hydrophone/,PI Purse seine hydrophone,
https://www.kongsberg.com/maritime/products/commercial-fisheries/fisherycatch/hydrophones/Trawl-hydrophone/,PI Trawl hydrophone,
https://www.kongsberg.com/maritime/products/ocean-science/mapping-systems/sonars/sonars-for-marine-site-inspection/m3-sonar-PHS/,"Portable Hydrographic System, M3 Sonar¬Æ",https://www.kongsberg.com/contentassets/5f4fa3d6d9704fabb3b2ee8282b5a66a/datasheet---m3-sonar-phs-nov.-2018.pdf
https://www.kongsberg.com/maritime/products/commercial-fisheries/cm-sensors/pxcharger/,PX MultiSensor Charger,
https://www.kongsberg.com/maritime/products/Acoustics-Positioning-and-Communication/acoustic-positioning-systems/hipap-models/remote-services-for-hipap-systems/,Remote Services for HiPAP systems,
https://www.kongsberg.com/maritime/products/ocean-science/blue-insight/sensor-fusion/,Sensor Fusion,https://www.kongsberg.com/contentassets/1d16a9142d0f46e2b2ee68445583a180/datasheet_blueinsight.pdf
https://www.kongsberg.com/maritime/products/ocean-science/blue-insight/sensor-remote/,Sensor remote,https://www.kongsberg.com/contentassets/33812dcfb17f45ffa4ad34629d464c78/datasheet_blueinsight.pdf
https://www.kongsberg.com/maritime/products/ocean-science/mapping-systems/es_bottommapping/EA400-600/,"Side scan echo sounder, EA400",
https://www.kongsberg.com/maritime/products/commercial-fisheries/td/simrad-120khz-transducers/simrad-120-25/,Simrad 120-25,https://www.kongsberg.com/globalassets/discovery/simrad/transducers/120-and-es120/164023_120-25.pdf
https://www.kongsberg.com/maritime/products/commercial-fisheries/td/td12khz/12-16-60/,Simrad 12-16/60,https://www.simrad.online/td_012/12_16_60/sales/12_16_60_ds_en_a4.pdf
https://www.kongsberg.com/maritime/products/commercial-fisheries/td/td18khz/18-11/,Simrad 18-11,https://www.simrad.online/td_018/18_11/sales/18_11_ds_en_a4.pdf
https://www.kongsberg.com/maritime/products/commercial-fisheries/td/200-khz/simrad-200-7c/,Simrad 200-7C,https://www.simrad.online/td_200/es200_7c/sales/es200_7c_ds_en_a4.pdf
https://www.kongsberg.com/maritime/products/commercial-fisheries/td/200-khz/simrad-200-7f/,Simrad 200-7F,https://www.kongsberg.com/globalassets/discovery/simrad/transducers/200-and-es200/164021_200-7f.pdf
https://www.kongsberg.com/maritime/products/commercial-fisheries/td/200-khz/simrad-200-7g/,Simrad 200-7G,https://www.kongsberg.com/globalassets/discovery/simrad/transducers/200-and-es200/164011_200-7g.pdf
https://www.kongsberg.com/maritime/products/commercial-fisheries/td/simrad-38khz-transducers/38_200_combi_c/,Simrad 38/200 Combi C,https://www.simrad.online/td_038/38_200_combi_c/sales/38_200_combi_c_ds_en_a4.pdf
https://www.kongsberg.com/maritime/products/commercial-fisheries/td/simrad-38khz-transducers/38_200_combi_d/,Simrad 38/200 Combi D,https://www.simrad.online/td_038/38_200_combi_d/sales/38_200_combi_d_ds_en_a4.pdf
https://www.kongsberg.com/maritime/products/commercial-fisheries/td/simrad-38khz-transducers/38_7/,Simrad 38-7,https://www.simrad.online/td_038/38_7/sales/38_7_ds_en_a4.pdf
https://www.kongsberg.com/maritime/products/commercial-fisheries/td/simrad-38khz-transducers/38_9/,Simrad 38-9,https://www.simrad.online/td_038/38_9/sales/38_9_ds_en_a4.pdf
https://www.kongsberg.com/maritime/products/commercial-fisheries/td/simrad-50khz-transducers/simrad-50200-combi-c/,Simrad 50/200 Combi C,https://www.kongsberg.com/globalassets/discovery/simrad/transducers/50/164052_50-200_combi_c.pdf
https://www.kongsberg.com/maritime/products/commercial-fisheries/td/simrad-50khz-transducers/50_200_combi_d/,Simrad 50/200 Combi D,https://www.kongsberg.com/globalassets/discovery/simrad/transducers/50/164211_50-200_combi_d.pdf
https://www.kongsberg.com/maritime/products/commercial-fisheries/td/simrad-50khz-transducers/simrad-50-18/,Simrad 50-18,https://www.kongsberg.com/globalassets/discovery/simrad/transducers/50/160965ab.pdf
https://www.kongsberg.com/maritime/products/commercial-fisheries/td/simrad-50khz-transducers/simrad-50-18por/,Simrad 50-18POR,https://www.kongsberg.com/globalassets/discovery/simrad/transducers/50/160964_50-18por.pdf
https://www.kongsberg.com/maritime/products/commercial-fisheries/td/simrad-50khz-transducers/simrad-50-7/,Simrad 50-7,https://www.kongsberg.com/globalassets/discovery/simrad/transducers/50/164331ab_50-7_product_specification_english.pdf
https://www.kongsberg.com/maritime/products/bridge-systems-and-control-centres/broadband-radios/br90/,Simrad BR90,
https://www.kongsberg.com/maritime/products/commercial-fisheries/td/simrad-38khz-transducers/c-all/,Simrad C-All,https://www.simrad.online/c-all/sales/c_all_ds_en_a4.pdf
https://www.kongsberg.com/maritime/products/commercial-fisheries/td/200-khz/cp200-5c/,Simrad CP200-5C,
https://www.kongsberg.com/maritime/products/commercial-fisheries/fisheryadcp/cp60/,Simrad CP60,
https://www.kongsberg.com/maritime/products/commercial-fisheries/fisherysonar/cs90/,Simrad CS90,
https://www.kongsberg.com/maritime/products/ocean-science/ocean-science/es_scientific/adcp/ec150-3c/,Simrad EC150-3C (ADCP),https://www.simrad.online/ek80/sales/ek80_adcp_ds_en_a4.pdf
https://www.kongsberg.com/maritime/products/ocean-science/ocean-science/es_scientific/simrad-ek15/,Simrad EK15,
https://www.kongsberg.com/maritime/products/ocean-science/ocean-science/es_scientific/simrad-ek60/,Simrad EK60,https://www.kongsberg.com/globalassets/discovery/simrad/echo-sounders-and-adcp/ek60/installation/164696ab_ek60_installation_manual_english.pdf
https://www.kongsberg.com/maritime/products/commercial-fisheries/td/simrad-120khz-transducers/es120-18cdk/,Simrad ES120-18CDK,https://www.simrad.online/td_120/es120_18cdk/es120_18cdk_ds_en.pdf
https://www.kongsberg.com/maritime/products/commercial-fisheries/td/simrad-120khz-transducers/es120-7c/,Simrad ES120-7C,https://www.simrad.online/td_120/es120_7c/es120_7c_ds_en_a4.pdf
https://www.kongsberg.com/maritime/products/commercial-fisheries/td/simrad-120khz-transducers/simrad-es120-7cd/,Simrad ES120-7CD,https://simrad.online/td_120/es120_7cd/es120_7cd_ds_en_a4.pdf
https://www.kongsberg.com/maritime/products/commercial-fisheries/td/simrad-120khz-transducers/simrad-es120-7dd/,Simrad ES120-7DD,https://www.kongsberg.com/globalassets/discovery/simrad/transducers/120-and-es120/164289_es120-7dd.pdf
https://www.kongsberg.com/maritime/products/commercial-fisheries/td/simrad-120khz-transducers/simrad-es120-7g/,Simrad ES120-7G,https://www.kongsberg.com/globalassets/discovery/simrad/transducers/120-and-es120/164125_es120-7g.pdf
https://www.kongsberg.com/maritime/products/commercial-fisheries/td/td18khz/es18/,Simrad ES18,https://www.simrad.online/td_018/es18/sales/es18_ds_en_a4.pdf
https://www.kongsberg.com/maritime/products/commercial-fisheries/td/200-khz/es200_7c/,Simrad ES200-7C,https://www.simrad.online/td_200/es200_7c/sales/es200_7c_ds_en_a4.pdf
https://www.kongsberg.com/maritime/products/commercial-fisheries/td/200-khz/simrad-es200-7cd/,Simrad ES200-7CD,https://simrad.online/td_200/es200_7cd/es200_7cd_ds_en_a4.pdf
https://www.kongsberg.com/maritime/products/commercial-fisheries/td/200-khz/es200-7cdk/,Simrad ES200-7CDK,https://www.simrad.online/td_200/es200_7cdk/sales/es200_7cdk_ds_en_a4.pdf
https://www.kongsberg.com/maritime/products/commercial-fisheries/td/333-khz/simrad-es333-7c/,Simrad ES333-7C,https://www.simrad.online/td_333/es333_7c/es333_7c_ds_en_a4.pdf
https://www.kongsberg.com/maritime/products/commercial-fisheries/td/333-khz/simrad-es333-7cd/,Simrad ES333-7CD,https://simrad.online/td_333/es333_7cd/es333_7cd_ds_en_a4.pdf
https://www.kongsberg.com/maritime/products/commercial-fisheries/td/333-khz/es333-7cdk/,Simrad ES333-7CDK,https://www.kongsberg.com/globalassets/discovery/simrad/transducers/es333/429710aa_es333_7cdk_split_data_sheet_english.pdf
https://www.kongsberg.com/maritime/products/commercial-fisheries/td/simrad-38khz-transducers/es38-10/,Simrad ES38-10,https://www.simrad.online/td_038/es38_10/sales/es38_10_ds_en_a4.pdf
https://www.kongsberg.com/maritime/products/commercial-fisheries/td/simrad-38khz-transducers/es38_12/,Simrad ES38-12,https://www.simrad.online/td_038/es38_12/sales/es38_12_ds_en_a4.pdf
https://www.kongsberg.com/maritime/products/commercial-fisheries/td/simrad-38khz-transducers/es38-18-200-18c/,Simrad ES38-18/200-18C,https://www.simrad.online/td_038/es38_18_200_18c/sales/es38_18_200_18c_ds_en.pdf
https://www.kongsberg.com/maritime/products/commercial-fisheries/td/simrad-38khz-transducers/es38-18-200-18cr/,Simrad ES38-18/200-18CR,https://www.simrad.online/td_038/es38_18_200_18cr/sales/es38_18_200_18cr_ds_en.pdf
https://www.kongsberg.com/maritime/products/commercial-fisheries/td/simrad-38khz-transducers/es38-18dk/,Simrad ES38-18DK,https://simrad.online/td_038/es38_18dk/es38_18dk_ds_en.pdf
https://www.kongsberg.com/maritime/products/commercial-fisheries/td/simrad-38khz-transducers/es38_7/,Simrad ES38-7,https://www.simrad.online/td_038/es38_7/sales/es38_7_ds_en_a4.pdf
https://www.kongsberg.com/maritime/products/commercial-fisheries/td/simrad-38khz-transducers/es38b/,Simrad ES38B,https://www.kongsberg.com/globalassets/discovery/simrad/transducers/38-and-es38/es38b/164247ae_es38b_data_sheet_english.pdf
https://www.kongsberg.com/maritime/products/commercial-fisheries/td/simrad-38khz-transducers/es38dd/,Simrad ES38DD,https://www.simrad.online/td_038/es38dd/sales/es38dd_ds_en_a4.pdf
https://www.kongsberg.com/maritime/products/commercial-fisheries/fisherysounder/es70/,Simrad ES70,
https://www.kongsberg.com/maritime/products/commercial-fisheries/td/simrad-70khz-transducers/simrad-es70-11/,Simrad ES70-11,https://www.kongsberg.com/globalassets/discovery/simrad/transducers/70-and-es70/110378ac.pdf
https://www.kongsberg.com/maritime/products/commercial-fisheries/td/simrad-70khz-transducers/simrad-es70-18cd/,Simrad ES70-18CD,https://simrad.online/td_070/es70_18cd/es70_18cd_ds_en.pdf
https://www.kongsberg.com/maritime/products/commercial-fisheries/td/simrad-70khz-transducers/es70_7c/,Simrad ES70-7C,https://www.simrad.online/td_070/es70_7c/sales/es70_7c_ds_en_a4.pdf
https://www.kongsberg.com/maritime/products/commercial-fisheries/td/simrad-70khz-transducers/simrad-es70-7cd/,Simrad ES70-7CD,https://www.kongsberg.com/globalassets/discovery/simrad/transducers/70-and-es70/es70_7cd_ds_english.pdf
https://www.kongsberg.com/maritime/products/commercial-fisheries/fisherysounder/es80/,Simrad ES80,
https://www.kongsberg.com/maritime/products/commercial-fisheries/simrad-trawl-sonars/fm90/,Simrad FM90,
https://www.kongsberg.com/maritime/products/commercial-fisheries/simrad-trawl-sonars/Simrad-FS70/,Simrad FS70,
https://www.kongsberg.com/maritime/products/commercial-fisheries/fisherycatch/fx/,Simrad FX,https://www.simrad.online/fx/sales/fx_brochure_en_a4.pdf
https://www.kongsberg.com/maritime/products/commercial-fisheries/fisherycatch/iti/,Simrad ITI,
https://www.kongsberg.com/maritime/products/commercial-fisheries/fisherysonar/mf90/,Simrad MF90,https://www.simrad.online/mf90/sales/mf90_ds_en_a4.pdf
https://www.kongsberg.com/maritime/products/commercial-fisheries/cm-sensors/pi-configurator/,Simrad PI Configurator,
https://www.kongsberg.com/maritime/products/commercial-fisheries/fisherycatch/simrad-pi50/,Simrad PI50,
https://www.kongsberg.com/maritime/products/commercial-fisheries/cm-sensors/pxc/,Simrad PX Configurator,
https://www.kongsberg.com/maritime/products/commercial-fisheries/cm-sensors/pxflow/,Simrad PX Flow,https://www.simrad.online/px/flow/sales/px_flow_ds_en_a4.pdf
https://www.kongsberg.com/maritime/products/commercial-fisheries/cm-sensors/pxmulticatch/,Simrad PX MultiCatch,
https://www.kongsberg.com/maritime/products/commercial-fisheries/cm-sensors/pxmultisensor/,Simrad PX MultiSensor,
https://www.kongsberg.com/maritime/products/commercial-fisheries/cm-sensors/pxtrawleye/,Simrad PX TrawlEye,
https://www.kongsberg.com/maritime/products/commercial-fisheries/cm-sensors/simrad-px-universal/,Simrad PX Universal,
https://www.kongsberg.com/maritime/products/commercial-fisheries/cm-sensors/pxpos/,Simrad PxPos,
https://www.kongsberg.com/maritime/products/commercial-fisheries/fisherysonar/sh90/,Simrad SH90,
https://www.kongsberg.com/maritime/products/commercial-fisheries/fisherysonar/sn90/,Simrad SN90,
https://www.kongsberg.com/maritime/products/commercial-fisheries/fisherysonar/simrad-st90/,Simrad ST90,
https://www.kongsberg.com/maritime/products/commercial-fisheries/fisherysonar/simrad-su90-fish-finding-omni-sonar/,Simrad SU90,
https://www.kongsberg.com/maritime/products/commercial-fisheries/fisherysonar/sx90/,Simrad SX90,https://www.simrad.online/sx90/sales/sx90_ds_english.pdf
https://www.kongsberg.com/maritime/products/commercial-fisheries/fisherysonar/simrad-sy50/,Simrad SY50,https://www.simrad.online/sy50/sales/sy50_ds_en_a4.pdf
https://www.kongsberg.com/maritime/products/commercial-fisheries/trigger-systems/tu40/,Simrad TU40,
https://www.kongsberg.com/maritime/products/commercial-fisheries/fisherycatch/simrad-tv80/,Simrad TV80,
https://www.kongsberg.com/maritime/products/ocean-science/mapping-systems/es_bottommapping/td_bottommapping/,Single beam bottom mapping transducers,"https://www.kongsberg.com/contentassets/d106c9aa05de423a8b02cf5fae6d6ad1/160920_transducer_12-16_60.pdf, https://www.kongsberg.com/contentassets/d106c9aa05de423a8b02cf5fae6d6ad1/300863_transducer15_17.pdf, https://www.kongsberg.com/contentassets/d106c9aa05de423a8b02cf5fae6d6ad1/130404ac_18-11_product_specification_english.pdf, https://www.kongsberg.com/contentassets/d106c9aa05de423a8b02cf5fae6d6ad1/164017_38-7.pdf, https://www.kongsberg.com/contentassets/d106c9aa05de423a8b02cf5fae6d6ad1/164330ab_38-9_product_specification_english.pdf, https://www.kongsberg.com/contentassets/d106c9aa05de423a8b02cf5fae6d6ad1/160965ab.pdf, https://www.kongsberg.com/contentassets/d106c9aa05de423a8b02cf5fae6d6ad1/164330ab_38-9_product_specification_english.pdf, https://www.kongsberg.com/contentassets/d106c9aa05de423a8b02cf5fae6d6ad1/164023_120-25.pdf, https://www.kongsberg.com/contentassets/d106c9aa05de423a8b02cf5fae6d6ad1/164022_200-28e.pdf, https://www.kongsberg.com/contentassets/d106c9aa05de423a8b02cf5fae6d6ad1/300863_transducer15_17.pdf, https://www.kongsberg.com/contentassets/d106c9aa05de423a8b02cf5fae6d6ad1/459672a_200-3g_product-sheet.pdf, https://www.kongsberg.com/contentassets/d106c9aa05de423a8b02cf5fae6d6ad1/422109-transducer-500khz-data-sheet.pdf, https://www.kongsberg.com/contentassets/d106c9aa05de423a8b02cf5fae6d6ad1/300867aa_sidelooking_transducer_200_lr.pdf, https://www.kongsberg.com/contentassets/d106c9aa05de423a8b02cf5fae6d6ad1/404173_sidescan_transducer_500khz_data_sheet.pdf, https://www.kongsberg.com/contentassets/d106c9aa05de423a8b02cf5fae6d6ad1/164210_38-200_combi_d.pdf, https://www.kongsberg.com/contentassets/d106c9aa05de423a8b02cf5fae6d6ad1/164211_50-200_combi_d.pdf"
https://www.kongsberg.com/maritime/products/ocean-science/mapping-systems/es_bottommapping/EA-600/,"Single beam echo sounder, EA600 - To 11.000 m",
https://www.kongsberg.com/maritime/products/ocean-science/mapping-systems/es_bottommapping/RD-301/,"Single beam echo sounder, remote display","https://www.kongsberg.com/globalassets/maritime/km-products/product-documents/164241ac_en250_product_specific_lr.pdf, https://www.kongsberg.com/globalassets/maritime/km-products/product-documents/164821aa_rd301_instruction_manual_lr.pdf"
https://www.kongsberg.com/maritime/products/ocean-science/mapping-systems/multibeam-echo-sounders/seafloor-information-system-5/,SIS 5 - Multibeam echosounder software,"https://www.kongsberg.comhttps://www.kongsbergdiscovery.online/sis/sales/sis_ds_en_a4.pdf, https://www.kongsberg.comhttps://www.kongsbergdiscovery.online/sis/sales/hws_ds_en_a4.pdf, https://www.kongsberg.comhttps://www.kongsbergdiscovery.online/sis/sales/sis_remote_ds_en_a4.pdf, https://www.kongsberg.comhttps://www.kongsbergdiscovery.online/sis/sales/sis_training_ds_en_a4.pdf"
https://www.kongsberg.com/maritime/products/ocean-science/mapping-systems/multibeam-echo-sounders/sis-remote/,SIS remote ,"https://www.kongsberg.comhttps://www.kongsbergdiscovery.online/sis/sales/sis_ds_en_a4.pdf, https://www.kongsberg.comhttps://www.kongsbergdiscovery.online/sis/sales/hws_ds_en_a4.pdf, https://www.kongsberg.comhttps://www.kongsbergdiscovery.online/sis/sales/sis_remote_ds_en_a4.pdf, https://www.kongsberg.comhttps://www.kongsbergdiscovery.online/sis/sales/sis_training_ds_en_a4.pdf"
https://www.kongsberg.com/maritime/products/ocean-science/mapping-systems/sonars/sonar-processing-software-ms1000/,"Sonar Processing Software, MS1000",https://www.kongsberg.com/contentassets/e2918278f6864aa094e7628021ac0486/ms-1000-processing-software-brochure.pdf
https://www.kongsberg.com/maritime/products/ocean-science/mapping-systems/sub-bottom-profilers2/SBP-120-300/,"Sub-bottom profiler, SBP 120/300",
https://www.kongsberg.com/maritime/products/ocean-science/mapping-systems/sub-bottom-profilers2/sub-bottom-profiler-sbp-27/,"Sub-bottom profiler, SBP 27",https://www.kongsberg.com/globalassets/maritime/km-products/product-documents/sbp-27-data-sheet.pdf
https://www.kongsberg.com/maritime/products/ocean-science/mapping-systems/sub-bottom-profilers2/sub-bottom-profiler-sbp29/,"Sub-bottom profiler, SBP 29",https://www.kongsberg.com/globalassets/maritime/km-products/product-documents/sbp-29-data-sheet.pdf
https://www.kongsberg.com/maritime/products/ocean-science/mapping-systems/sub-bottom-profilers2/sub-bottom-profiler-parametric/,"Sub-bottom profiler, Topas",
https://www.kongsberg.com/maritime/products/ocean-science/mapping-systems/sonars/SAS/,Synthetic Aperture Sonar,
https://www.kongsberg.com/maritime/products/ocean-science/ocean-science/scientific-multibeam-systems/td50/,TD50 3D Visualization Tool,
https://www.kongsberg.com/maritime/products/ocean-science/ocean-science/es_scientific/sci_es_transceivers/,transceivers for scientific echo sounders,
https://www.kongsberg.com/maritime/products/Acoustics-Positioning-and-Communication/transponders/cnode-transponders-for-hipap-and-uPAP/TTC-30-TTC-10/,TTC 30 & TTC 10 - Transponders test and configuration units,
https://www.kongsberg.com/maritime/products/marine-robotics/uncrewed-surface-vehicle-sounder/,"Uncrewed Surface Vehicle, Sounder",https://www.kongsberg.com/contentassets/67e20994629a4f4c859ed11af2f458f8/usv-sounder-productsheet.pdf
https://www.kongsberg.com/maritime/products/marine-robotics/underwater-vehicle-instruments/1107-series/,Underwater Altimeters - 1107 series,
https://www.kongsberg.com/maritime/products/ocean-science/ocean-science/es_scientific/sci_es_transceivers/wbat/,WBAT,https://www.simrad.online/ek80/sales/wbat_ds_en_a4.pdf
https://www.kongsberg.com/maritime/products/ocean-science/ocean-science/es_scientific/sci_es_transceivers/wbt/,WBT,https://www.simrad.online/ek80/sales/wbt_ds_en_a4.pdf
https://www.kongsberg.com/maritime/products/ocean-science/ocean-science/es_scientific/sci_es_transceivers/simrad-wbt-mini/,WBT Mini,https://www.simrad.online/ek80/sales/wbt_mini_ds_en_a4.pdf
https://www.kongsberg.com/maritime/products/ocean-science/ocean-science/es_scientific/sci_es_transceivers/simrad-wbt-tube/,WBT Tube,https://www.simrad.online/ek80/sales/wbt_tube_ds_en_a4.pdf
https://www.kongsberg.com/contentassets/9c7466e11a8d427bb564104e1a0a9f4a/datasheet_mgc_r2.pdf,Gyro Compass and INS MGC R2,
https://www.kongsberg.com/contentassets/9c7466e11a8d427bb564104e1a0a9f4a/110-0029208a_datasheet_mgc_r3gc_jan23.pdf,Gyro Compass for ships / high-speed crafts - MGC R3,
https://www.kongsberg.com/contentassets/9c7466e11a8d427bb564104e1a0a9f4a/110-0029200a_datasheet_mgc_r2gc_jan23.pdf,Gyro Compass for ships / high-speed crafts - MGC R2,
https://www.kongsberg.com/contentassets/9c7466e11a8d427bb564104e1a0a9f4a/datasheet_mgc_r3.pdf,Gyro Compass and INS MGC R3,
https://www.kongsberg.com/contentassets/9c7466e11a8d427bb564104e1a0a9f4a/datasheet_mgc_r4.pdf,Gyro Compass and INS MGC R4,
https://www.kongsberg.com/contentassets/9c7466e11a8d427bb564104e1a0a9f4a/datasheet_mgc_r5.pdf,Gyro Compass and INS MGC R5,
https://www.kongsberg.com/contentassets/9c7466e11a8d427bb564104e1a0a9f4a/datasheet_mgc_r1gc.pdf,Gyro Compass MGC R1,
https://www.kongsberg.com/maritime/products/deck-machinery-and-cranes/deck-machinery/seismic-vessels/spread-management/eBird/,Seismic cable control - eBird,"https://www.kongsberg.com/globalassets/maritime/km-products/documents/seismic_brochure.pdf, https://www.kongsberg.com/contentassets/85abd294cac147f48502c9da6209348f/57.dm_2p_11.04.19.pdf, https://www.kongsberg.com/contentassets/85abd294cac147f48502c9da6209348f/56.dm_2p_11.04.19.pdf"
https://www.kongsberg.com/maritime/products/deck-machinery-and-cranes/deck-machinery/seismic-vessels/spread-management/seatrack-220-320/,"GPS transponder, Seatrack 220 / 320",https://www.kongsberg.com/globalassets/maritime/km-products/documents/seismic_brochure.pdf
https://www.kongsberg.com/maritime/products/deck-machinery-and-cranes/deck-machinery/seismic-vessels/spread-management/seatrack-330/,"GPS transponder, Seatrack 330",https://www.kongsberg.com/globalassets/maritime/km-products/documents/seismic_brochure.pdf
https://www.kongsberg.com/contentassets/a1b8bf7c95d84236a8089a8a691a0e6d/datasheet_mbr144.pdf,MBR 144,
https://www.kongsberg.com/contentassets/a1b8bf7c95d84236a8089a8a691a0e6d/datasheet_mbr144_oem.pdf,MBR144 OEM,
https://www.kongsberg.com/contentassets/a1b8bf7c95d84236a8089a8a691a0e6d/datasheet_mbr189mk2portable.pdf,MBR 189 Portable,
https://www.kongsberg.com/contentassets/a1b8bf7c95d84236a8089a8a691a0e6d/datasheet_mbr179mk2fcc_aug22.pdf,MBR 179 MK2 FCC,
https://www.kongsberg.com/contentassets/a1b8bf7c95d84236a8089a8a691a0e6d/datasheet_mbr144_personal.pdf,MBR 144 Personal,
https://www.kongsberg.com/contentassets/a1b8bf7c95d84236a8089a8a691a0e6d/datasheet_mbr179mkii.pdf,MBR 179,
https://www.kongsberg.com/contentassets/a1b8bf7c95d84236a8089a8a691a0e6d/datasheet_mbr144fcc_sep22.pdf,MBR 144 FCC,
https://www.kongsberg.com/contentassets/a1b8bf7c95d84236a8089a8a691a0e6d/datasheet_mbr179mk2fccportable_aug22.pdf,MBR 179 MK2 FCC Portable,
https://www.kongsberg.com/contentassets/a1b8bf7c95d84236a8089a8a691a0e6d/datasheet_mbr144_submersible.pdf,MBR 144 Submersible,
https://www.kongsberg.com/contentassets/a1b8bf7c95d84236a8089a8a691a0e6d/datasheet_mbr179mk2portable.pdf,MBR 179 Portable,
https://www.kongsberg.com/contentassets/a1b8bf7c95d84236a8089a8a691a0e6d/datasheet_mbr144fcc_submersible_sep22.pdf,MBR 144 FCC Submersible,
https://www.kongsberg.com/contentassets/a1b8bf7c95d84236a8089a8a691a0e6d/datasheet_mbr189mk2_fcc_aug22.pdf,MBR 189 MK2 FCC,
https://www.kongsberg.com/contentassets/a1b8bf7c95d84236a8089a8a691a0e6d/datasheet_mbr144_uav_jun23.pdf,MBR 144 UAV,
https://www.kongsberg.com/contentassets/a1b8bf7c95d84236a8089a8a691a0e6d/datasheet_mbr189mk2.pdf,MBR 189,
https://www.kongsberg.com/contentassets/a1b8bf7c95d84236a8089a8a691a0e6d/datasheet_mbr144fcc_oem_aug22.pdf,MBR 144 FCC OEM,
https://www.kongsberg.com/contentassets/a1b8bf7c95d84236a8089a8a691a0e6d/datasheet_mbr189mk2fccportable_aug22.pdf,MBR 189 MK2 FCC Portable,
https://www.kongsberg.com/contentassets/5d74ac17037e48d383900f89d4f9557b/482731a-topas-ps120-datasheet.pdf,TOPAS PS 120 Parametric sub-bottom profiler,
https://www.kongsberg.com/globalassets/maritime/km-products/product-documents/topas-ps-18-parametric-sub-bottom-profiler.pdf,TOPAS PS 18 Parametric sub-bottom profiler,
https://www.kongsberg.com/globalassets/maritime/km-products/product-documents/topas-ps-40-parametric-sub-bottom-profiler.pdf,TOPAS PS 40 Parametric sub-bottom profiler,
https://www.kongsberg.com/contentassets/c22a596095db4994a5f26ba216b6b968/110-0017978a_datasheet_seapath380_dec22.pdf," Seapath 380 - utilising GPS, GLONASS, Galileo, Beidou and QZSS",
https://www.kongsberg.com/contentassets/c22a596095db4994a5f26ba216b6b968/110-0017979b_datasheet_seapath380-r_series.pdf,Seapath 380-R,
https://www.kongsberg.com/contentassets/c22a596095db4994a5f26ba216b6b968/110-0034148a_datasheet_seapath130_apr23.pdf,"Seapath 130 series, compact heading, attitude and positioning sensor",
https://www.kongsberg.com/contentassets/c22a596095db4994a5f26ba216b6b968/110-0034144b_datasheet_seapath_130-r.pdf,"Seapath 130-R series, compact heading, attitude and positioning sensor",
https://www.kongsberg.com/contentassets/77678b37b4c94d51bbfd7d8abdf82c73/datasheet_mru2.pdf,MRU 2,
https://www.kongsberg.com/contentassets/77678b37b4c94d51bbfd7d8abdf82c73/datasheet_mrud.pdf,MRU D,
https://www.kongsberg.com/contentassets/77678b37b4c94d51bbfd7d8abdf82c73/datasheet_mru3.pdf,MRU 3,
https://www.kongsberg.com/contentassets/77678b37b4c94d51bbfd7d8abdf82c73/datasheet_mrue.pdf,MRU E,
https://www.kongsberg.com/contentassets/77678b37b4c94d51bbfd7d8abdf82c73/datasheet_mru5.pdf,MRU 5,
https://www.kongsberg.com/contentassets/77678b37b4c94d51bbfd7d8abdf82c73/datasheet_mruh.pdf,MRU H,
https://www.kongsberg.com/contentassets/77678b37b4c94d51bbfd7d8abdf82c73/datasheet_mru5mkii.pdf,MRU 5+ ,
https://www.kongsberg.com/contentassets/77678b37b4c94d51bbfd7d8abdf82c73/datasheet_mrus.pdf,MRU S,
https://www.kongsberg.com/globalassets/maritime/km-products/product-documents/mine-avoidance-and-navigation-sonar-for-submarines-sa9510s/,SA9510S,
https://www.kongsberg.com/globalassets/maritime/km-products/product-documents/mine-and-obstacle-avoidance-sonar-for-surface-vessels-sa9520/,SA9520,
https://www.kongsberg.com/globalassets/maritime/km-products/product-documents/anti-submarine-warefare-sonar-ss-2030/,SS2030 ,
https://www.kongsberg.com/globalassets/maritime/km-products/product-documents/anti-submarine-warfare-sonar-st-2400/,ST2400,
https://www.kongsberg.com/globalassets/maritime/km-products/product-documents/sd9500-dipping-sonar-for-asw-and-volume-survey-in-littoral-waters/,SD9500,
